idx,name,category,price,description,color,temp_level,hot_pick,regdate,hue,saturation,lightness,image_url,url
101,HS STRIPE KNIT COLLAR SHIRT_NAVY,top,52200,부드러운 이미지를 주는 니트 티셔츠로 많은 남성들의 남친룩을 담당합니다.,navy,2,0,2025-05-21 15:43,218,39,12,product_images/101shirtshort_navy.webp,https://www.musinsa.com/products/3998728
102,ASI 에센셜 코튼 헨리넥 티셔츠_피그먼트 올리브,top,33900,"봄, 가을에 부드러운 이미지와 빈티지한 느낌을 동시에 줄 수 있는 다용도 티셔츠입니다.",olive,1,0,2025-05-21 15:43,70,15,32,product_images/102_shirtlong_olive.webp,https://www.musinsa.com/products/4852646
103,오버핏 1:1 스트라이프 반팔티,top,19900,캐주얼한 스트라이프로 더운 날 포인트로 입기 좋은 티셔츠입니다.,grey,3,2,2025-05-21 15:43,330,4,10,product_images/103_shirt-short_grey.webp,https://www.musinsa.com/products/5033156
104,퓨어코튼 펀칭 카라 니트,top,45000,캐주얼한 색상과 단정한 카라 니트의 조합으로 인기가 많은 상품입니다.,green,2,0,2025-05-21 15:43,144,56,22,product_images/104_shirt-short_green.webp,https://www.musinsa.com/products/2775687
201,썸머 시어서커 밴딩 팬츠,pants,24900,편안한 밴딩과 주름이 인상적인 바지입니다.,black,2,1,2025-05-21 15:43,60,10,10,product_images/201_pants-long_black.webp,https://www.musinsa.com/products/3246389
202,BOY DENIM PANELLED,pants,189000,와이드한 밑단과 매력적인 컬러가 돋보이는 데님 바지입니다.,blue,1,0,2025-05-21 15:43,183,15,31,product_images/202_pants-long_blue.webp,https://www.musinsa.com/products/3773225
203,아디다스 x YESEYESEE 트랙 팬츠,pants,89990,좁아지는 밑단과 발목 위로 떨어지는 기장감이 이쁜 트랙 팬츠.,white,2,1,2025-05-21 15:43,240,1,84,product_images/203_pants-long_white.webp,https://www.musinsa.com/products/4336115
204,피그먼트 버뮤다 팬츠,pants,56050,트렌디한 6부 느낌으로 더울 때 입기 좋은 반바지.,grey,3,1,2025-05-21 15:43,26,9,45,product_images/204_pants-short_grey.webp,https://www.musinsa.com/products/4929096
301,NJ3BR05A 바르텔 자켓_BLACK,outer,125300,노스페이스와 무신사가 만났다 트렌디한 핏으로 여심 사로잡기 프로젝트.,black,2,0,2025-05-21 15:43,270,5,16,product_images/301_outer_black.webp,https://www.musinsa.com/products/4927059
302,WASHED NYLON WIND BREAKER-GREY,outer,90300,워시드 패턴의 나일론 바람막이 등장 요즘 같은 때에 입기 좋은 가벼운 아우터.,grey,1,0,2025-05-21 15:43,60,1,50,product_images/302_outer_grey.webp,https://www.musinsa.com/products/3819630
303,플레이버 스탠넥 바람막이 웜업 자켓 페일 그린,outer,63600,시원한 색상으로 더운 날 들고다니며 걸치기 좋은 패션 바람막이.,mint,3,2,2025-05-21 15:43,213,12,83,product_images/303_outer_rmint.webp,https://www.musinsa.com/products/4861845
304,SST 트랙탑 JX8972,outer,105000,트렌디한 아디다스의 화이트 트랙탑.,white,2,0,2025-05-21 15:43,60,6,93,product_images/304_outer_white.webp,https://www.musinsa.com/products/4943732
401,푸마 클럽 2 에라,shoes,34990,질리지 않는 디자인으로 사랑 받는 푸마 클럽 2.,navy,2,1,2025-05-21 15:43,240,6,20,product_images/401_shoes_black.webp,https://www.musinsa.com/products/4723783
402,경량 클래식 더비,shoes,89000,추운 겨울 날 그녀를 꼬시기 위한 전략. 클래식한 로퍼.,black,1,0,2025-05-21 15:43,120,4,9,product_images/402_shoes_black.webp,https://www.musinsa.com/products/4306219
403,에라 - 트루 화이트,shoes,34990,더운 여름 시원한 색과 디자인으로 이쁨 받는 반스의 스테디셀러.,white,3,4,2025-05-21 15:43,252,10,90,product_images/403_shoes_white.webp,https://www.musinsa.com/products/165996
404,GAZELLE INDOOR JI0324,shoes,111300,"따뜻한 색감으로 가을, 겨울 내내 사랑받는 아디다스 스니커즈.",brown,1,0,2025-05-21 15:43,355,22,29,product_images/404_shoes_brown.webp,https://www.musinsa.com/products/4621773
501,TCM coldice cap,etc,34990,부시시한 요즘 날씨 얹기만 해도 힙해지는 패션 아이템.,green,2,2,2025-05-21 15:43,60,7,17,product_images/501_etc_green.webp,https://www.musinsa.com/products/5037017
502,RC OWEN SUNGLASS MATTE BLACK,etc,32900,요즘 같이 햇살이 따가운 날 패션과 건강을 모두 챙기는 픽.,black,3,1,2025-05-21 15:43,216,8,12,product_images/502_etc_black.webp,https://www.musinsa.com/products/5018547
503,940UNST BASIC OUTLINE NEYYAN CHO,etc,35700,"내 부시시함은 스타일이야, 힙한 야구 모자.",black,2,2,2025-05-21 15:43,20,16,18,product_images/503_etc_black.webp,https://www.musinsa.com/products/4827820
504,RC B019 BLACK GLASS,etc,22710,흰눈이 내리는 날 소박한 나의 소원은 이런 지적인 안경을 쓰고 나타나는 왕자님.,black,1,0,2025-05-21 15:43,180,4,14,product_images/504_etc_black.webp,https://www.musinsa.com/products/1515680
601,코튼 브이넥 니트 워시드 네이비,top,64000,일교차가 심한 요즘 날씨에 깔끔하고 입기 좋은 니트,Black,2,0,2025-05-22 0:48,220,28,17,product_images/601_navy_knitwear.webp,https://www.musinsa.com/products/4309845
602,TATTOO T-SHIRTS RED,top,68000,"앞판과 소매, 뒷판에 존재하는 타투 그래픽 디테일들이 있습니다.",Brown,3,0,2025-05-22 0:48,356,49,47,product_images/602_deepredT.webp,https://www.musinsa.com/products/4936781
603,NARAKA SWEATSHIRT BLACK,top,53900,깔끔한 스타일의 맨투맨,Black,2,0,2025-05-22 0:48,0,0,11,product_images/603_blackmantoman.webp,https://www.musinsa.com/products/3907394
604,HERITAGE SWEAT MTM_32YC5A52,top,99000,축구 헤리티지 컨셉의 맨투맨,White,2,0,2025-05-22 0:48,210,16,93,product_images/604_hegitage_sweat.webp,https://www.musinsa.com/products/4809240
605,[데일리룸 X 시즈] 오디너리 크롭 스트라이프 하프 셔츠 [WHITE] 단품/SET,top,56800,깔끔한 셔츠,Gray,3,0,2025-05-22 9:25,348,4,74,product_images/605_Odinner.webp,https://www.musinsa.com/products/5065531
606,[쿨탠다드] 레귤러 스웨트셔츠 [멜란지 라이트 그레이],top,29490,흡한속건 기능으로 쾌적한 착용감의 쿨탠다드 스웨트 셔츠,Gray,2,0,2025-05-22 9:29,0,3,77,product_images/606_swatershirts.webp,https://www.musinsa.com/products/4655078
607,V.S.C HALF ZIP SWEAT(TRACK&FIELD)_1%OATMEAL,top,80100,고급원단으로 오래도록 착용 가능한 옷,Beige,2,0,2025-05-22 9:31,28,18,81,product_images/607_HALFZIP.webp,https://www.musinsa.com/products/4754816
608,레드 하트로고 맨투맨 - 블랙 / BFUSW035730001,top,234990,브랜드가 멋있어서 옷도 예쁨,Black,2,0,2025-05-22 9:33,270,10,11,product_images/608_RedHeartLogo.webp,https://www.musinsa.com/products/4774647
609,스몰 트위치 로고 맨투맨 라임,top,71100,탄탄하면서 부드러운 코튼 폴리 원단사용,Beige,2,0,2025-05-22 9:34,50,46,80,product_images/609_SmallTwitch.webp,https://www.musinsa.com/products/4706036
610,빅 트위치 로고 다잉 반팔 맨투맨 피그먼트 블루,top,71100,단단하면서 시원한 반팔 맨투맨,Blue,3,0,2025-05-22 9:36,215,30,43,product_images/610_BigTwitchLogo.webp,https://www.musinsa.com/products/4860365
611,베이직 타이포 로고 맨투맨 핑크,top,55300,세미오버핏으로 적당히 루즈하게 입을 수 있는 남/여  공통,Red,2,0,2025-05-22 9:38,6,42,60,product_images/611_BasicTifo.webp,https://www.musinsa.com/products/4731595
612,시그니처 키키 와펜 맨투맨 그린,top,48300,카키색의 세미오버핏으로 캐쥬얼한 옷,Gray,2,0,2025-05-22 9:40,89,10,49,product_images/612_Signicherkiki.webp,https://www.musinsa.com/products/4680449
613,키키 레오 로고 맨투맨 네이비,top,55300,앞면에 배색 컬러의 키키와 레오 그래픽이 포인트,Blue,2,0,2025-05-22 9:42,226,36,21,product_images/613_kikiLeO.webp,https://www.musinsa.com/products/4785917
614,(M) 스크리블 크루넥 라이트 블루 SCRIBBLE CREWNECK LIGHT BLUE,top,945000,멋있으면서 매우 비쌈,Cyan,2,0,2025-05-22 9:43,207,15,88,product_images/614_ScleebleLight.webp,https://www.musinsa.com/products/4753611
615,ASI 에센셜 컷오프 피그먼트 맨투맨 티셔츠_차콜,top,36900,워싱감과 컷오프한 절개라인이 돋보이는 컷오프 피그먼트 맨투맨 티셔츠,Black,2,0,2025-05-22 9:45,0,9,19,product_images/615_ASIEsentio.webp,https://www.musinsa.com/products/4768149
616,MIL SERIES SWEAT(A.F. ACADEMY)_BLUE,top,84600,밝은데 부담스럽지 않은 옷,Blue,2,0,2025-05-22 9:49,218,27,55,product_images/616_MILSERIES.webp,https://www.musinsa.com/products/4754801
617,[아웃스탠딩×패션플래닛]MIGHTY TIGER LOGO SWEAT_BLACK,top,75600,호랑이를 포인트로 하여 정체성을 보여주는 옷,Black,2,0,2025-05-22 9:51,336,9,11,product_images/617_MIGHTYTIGER.webp,https://www.musinsa.com/products/4721701
619,C 로고 다잉 맨투맨 Pink,top,80100,남녀노소 모두한테 어울리는 맨투맨,Red,2,0,2025-05-22 9:55,358,33,83,product_images/619_CLOGODINg.webp,https://www.musinsa.com/products/4756506
620,코멘트 헤비코튼 맨투맨 그린 KMMT6859,top,38900,에즈카톤만의 적당히 여유로운 EZ루즈핏 실루엣,Green,2,0,2025-05-22 9:57,142,21,23,product_images/620_ComentGreen.webp,https://www.musinsa.com/products/4723627
621,에센셜 해시태그 로고 맨투맨(아이스 그레이),top,70200,인스타의 해시태그스타일,White,2,0,2025-05-22 10:00,0,11,89,product_images/621_HashTag.webp,https://www.musinsa.com/products/4684273
622,빈티지 워싱 갤러리 클럽 후디_블랙,top,53900,갤러리에 갈것만 같은 후드,Black,2,0,2025-05-22 10:02,300,4,15,product_images/622_WashingHudi.webp,https://www.musinsa.com/products/4892952
623,데님 아플리케 빅 트위치 로고 후드 라이트 블루,top,79200,초 봄에 나들이 갈때 입기 좋은 옷,Blue,2,0,2025-05-22 10:04,216,27,80,product_images/623_DenimBig.webp,https://www.musinsa.com/products/4737342
624,남녀공용 그래픽 후드티셔츠 TLTBS25411GRE,top,148000,시즌 그래픽 포인트가 있는 부드러운 촉감의 후드 티셔츠,Turquoise,2,0,2025-05-22 10:05,159,63,36,product_images/624_GrapicHud.webp,https://www.musinsa.com/products/4830966
625,나일론 디멘션 블록 스트링 후디 [BLACK]_SETS049BLACK,top,54800,자연스러운 실루엣의 여유로운 세미 와이드핏,Black,1,0,2025-05-22 10:08,0,11,9,product_images/625_DimentionBlock.webp,https://www.musinsa.com/products/4786003
626,Cord waffle hoodie / Melange lemon,top,59000,비올때 입기 좋은 옷,Orange,2,0,2025-05-22 10:10,40,47,59,product_images/626_CordWaFFle.webp,https://www.musinsa.com/products/5132542
627,스티치 레터링 후드 그레이,top,62300,따뜻하고 좋은 옷!,Gray,2,0,2025-05-22 10:11,0,2,56,product_images/627_kikikigray.webp,https://www.musinsa.com/products/4731614
628,[와키윌리 x Lee] 그래픽 후디 크림,top,79200,완전 데이트 룩으로 좋음,Beige,2,0,2025-05-22 10:14,35,26,83,product_images/628_kikiCream.webp,https://www.musinsa.com/products/4879743
629,WM 남성 와플 후드 티셔츠_8GTBX25103LGR,top,188000,등산할때 좋은 옷!!,Yellow,1,0,2025-05-22 10:16,77,48,65,product_images/629_WM_MANWAFFLE.webp,https://www.musinsa.com/products/4827118
630,샤이닝 레오 데님 저지라이크 후드 그레이,top,83300,반짝반짝 돋보이고 싶을 때 입자,Gray,2,0,2025-05-22 10:18,13,12,24,product_images/630_SioningLeo.webp,https://www.musinsa.com/products/4785920
631,멘즈 캐필린 쿨 데일리 그래픽 후디 / 45325Q5,top,109000,얇아서 추울 때 위에 입기 편한 옷,Cyan,2,0,2025-05-22 10:19,192,30,46,product_images/631_MansCool.webp,https://www.musinsa.com/products/4774587
632,VH CREW 후드티,top,39800,진짜 무난한 후드티 평소에 입기 좋음,Red,2,0,2025-05-22 10:21,22,39,23,product_images/632_VH_CREW.webp,https://www.musinsa.com/products/4711280
633,에디션 반팔 후디 BLACK (LP7TU436-076),top,41930,힙하게 입을 수 있으면서 깔끔한 스타일,Black,3,0,2025-05-22 10:23,324,9,11,product_images/633_EditionBanpal.webp,https://www.musinsa.com/products/5043600
634,AFTER HOOD SWEAT_3%MELANGE GRAY,top,85500,회색 바탕에 파랑으로 포인트를 준 스타일,Gray,2,0,2025-05-22 10:24,330,6,79,product_images/634_AFTERHOOD.webp,https://www.musinsa.com/products/4825752
635,크롭 체크 하프 셔츠[블루],top,34900,흰옷에 열고 입기 좋은 셔츠,Gray,3,0,2025-05-22 10:27,204,6,65,product_images/635_CropCHeck.webp,https://www.musinsa.com/products/5090672
636,인디고 데님 셔츠 - 인디고 / 813523V0W204245,top,919990,진짜 멋내기 좋은 비싼 옷,Blue,2,0,2025-05-22 10:28,258,19,21,product_images/636_INDigo.webp,https://www.musinsa.com/products/4696763
637,Washed CN S/S Outer Shirt Mocha,top,100280,빈티지하게 보이는데 빈티지 하지 않은 셔츠,Gray,3,0,2025-05-22 10:30,33,12,29,product_images/637_WashedCN.webp,https://www.musinsa.com/products/5075737
638,레더 패치 오버핏 워크 데님 반팔 셔츠 [옐로우 블랙],top,37800,멋이 뿜어져 나오는 옷,Black,3,0,2025-05-22 10:32,30,11,18,product_images/638_REDERPATCH.webp,https://www.musinsa.com/products/5026626
639,[Sharp] 라이트웨이트 텍스쳐 리비어 칼라 셔츠 - 앵커그레이 AFPM2417762-297,top,152600,더운 휴가지에서 입기 좋은 셔츠,Gray,3,0,2025-05-22 10:33,290,5,22,product_images/639_RIGHTWATER.webp,https://www.musinsa.com/products/3982365
640,링클 체크 하프 슬리브 셔츠_BLACK,top,127920,세미 루즈 핏 캐주얼 하프 슬리브 셔츠,Gray,3,0,2025-05-22 10:35,355,10,26,product_images/640_LingcleCheck.webp,https://www.musinsa.com/products/4920798
641,브리즈 크로스 셔츠 ,top,97200,그냥 무난한 셔츠로 깔끔하다,Red,3,0,2025-05-22 10:36,4,50,89,product_images/641_breezecross.webp,https://www.musinsa.com/products/4924924
642,SC 플래시 베이스볼 져지,top,74200,야구장 갈 때 진짜 좋은 옷,Black,3,0,2025-05-22 10:37,330,4,19,product_images/642_SCFrashBaseBall.webp,https://www.musinsa.com/products/4869206
643,Jacquard Pattern Button Up Top Black,top,71200,이것이 패션이다!!,Gray,3,0,2025-05-22 10:39,30,1,26,product_images/643_JACQUARDpattern.webp,https://www.musinsa.com/products/4968579
644,NYLON UTILITY PACKABLE HALF SHIRT_OLIVE,top,69600,낚시 터 갈 때 입을 것만 같은 옷,Orange,3,0,2025-05-22 10:40,51,19,26,product_images/644_NYlonuility.webp,https://www.musinsa.com/products/4988407
645,린넨 데스커 셔츠 - 오프 화이트,top,69300,더울 때 입어도 시원한 옷,White,3,0,2025-05-22 10:41,338,11,85,product_images/645_LiNens.webp,https://www.musinsa.com/products/5110956
646,위시 스트라이프 셔츠 ,top,43900,이건 열고 다니면 멋있음,Gray,3,0,2025-05-22 10:43,23,4,65,product_images/646_STlife.webp,https://www.musinsa.com/products/4799462
647,레이니데이 매쉬 셔츠 자켓 ,top,47200,무난한 데일리룩으로 편안함,Gray,3,0,2025-05-22 10:45,12,4,28,product_images/647_RAiniDay.webp,https://www.musinsa.com/products/5018541
648,와이드 카라 뱀부 기능성 원단 드레스 셔츠,top,32900,깔끔한 옷으로 넥타이와 셔트가 세트!!!!,White,2,0,2025-05-22 10:46,252,11,91,product_images/648_WildKARa.webp,https://www.musinsa.com/products/4883124
649,투포켓 링클 체크 반팔 셔츠 ,top,39900,꾸안꾸 느낌으로 좋은 옷,Purple,3,0,2025-05-22 10:47,325,21,11,product_images/649_TwoPocket.webp,https://www.musinsa.com/products/4989739
650,시어서커 체크 셔츠,top,39900,회사 갈 때 입기 괜찮은 옷,Blue,2,0,2025-05-22 10:49,212,47,85,product_images/650_SINGERsoccer.webp,https://www.musinsa.com/products/4911317
651,원포켓 빈티지 세미 오버핏 긴팔 체크 셔츠,top,26000,빈티지하게 입기 좋은 오버핏 셔츠,Red,2,0,2025-05-22 10:51,4,34,34,product_images/651_OnePocket.webp,https://www.musinsa.com/products/4853051
652,유틸리티 데님 쇼트 슬리브 버튼업 셔츠 미디엄 라이트 인디고 10028349-A01,top,89000,부드러운 촉감과 뛰어난 내구성을 갖춘 스타일,Blue,3,0,2025-05-22 10:52,237,33,39,product_images/652_UtilityDenim.webp,https://www.musinsa.com/products/4993065
653,스탠다드 반팔셔츠 - 라일락,top,56720,상큼 발랄한 부드러운 스타일,Red,3,0,2025-05-22 10:54,338,16,73,product_images/653_Standarde.webp,https://www.musinsa.com/products/5081931
654,EMBROIDERY OPEN COLLAR HALF SHIRT_BLACK,top,59200,그냥 무난하게 입기 좋은 스타일,Black,3,0,2025-05-22 10:55,326,13,10,product_images/654_EMBROIDERY.webp,https://www.musinsa.com/products/5015164
655,UNIFORM CROP T-SHIRTS,top,28800,안에 입기 좋기도 하고 밖에 입어도 이쁜 스타일,Black,3,0,2025-05-22 10:57,17,10,14,product_images/655_UniFormCrop.webp,https://www.musinsa.com/products/5096810
656,WELLERMAN 웰러맨 빈티지네이비 세미오버핏 티셔츠,top,39800,옛스러운 멋을 뽐내는 옷,Blue,3,0,2025-05-22 10:58,227,26,25,product_images/656_WELLERMAN.webp,https://www.musinsa.com/products/5037067
657,PAISLEY TAG TEE,top,35100,뒷면이 멋있는 옷,White,3,0,2025-05-22 10:59,324,12,92,product_images/657_PAISLYTAG.webp,https://www.musinsa.com/products/4900946
658,VLAD 컷오프 아플리케 반팔 티셔츠_피그먼트 차콜,top,29900,데이트때 입어도 좋을 것만 같은 옷,Gray,3,0,2025-05-22 11:01,0,3,21,product_images/658_VLAD_cutOFF.webp,https://www.musinsa.com/products/4950391
659,3S 티 - 클라우드화이트:블루 / JY3692,top,39990,아디다스의 흰색 바탕에서 파랑색의 포인트,White,3,0,2025-05-22 11:02,30,4,89,product_images/659_Addidas3S.webp,https://www.musinsa.com/products/5005272
660,MIL SERIES TEE(LUCKY THIRTEEN)_1%OATMEAL,top,39200,톰과 제리에 나오는 또 다른 고양이?,Beige,3,0,2025-05-22 11:03,37,18,77,product_images/660_MILSERIES.webp,https://www.musinsa.com/products/4988263
661,98/99 Hard Times 반팔 티셔츠 블랙(UQ111CRS39),top,319000,전판 프린트로 역동적인 포인트,Gray,3,0,2025-05-22 11:09,258,7,49,product_images/661_HARD_time.webp,https://www.musinsa.com/products/5005818
662,Monument Valley Heavyweight Tee Vintage Black,top,39950,그냥 산이 로고인 반팔,Gray,3,0,2025-05-22 11:10,34,6,23,product_images/662_Monument_Valley.webp,https://www.musinsa.com/products/4974087
663,링어 티셔츠 - 화이트 AFPM2513519-100,top,98000,비싼 흰 반팔,White,3,0,2025-05-22 11:11,345,7,89,product_images/663_Ringer.webp,https://www.musinsa.com/products/4861080
664,오버핏 래글런 트랙 라인 반팔 티셔츠 스타로고 버건디,top,25900,축구 유니폼 같은 버건디 티셔츠,Gray,3,0,2025-05-22 11:13,40,5,77,product_images/664_OVERPITSTAR.webp,https://www.musinsa.com/products/4976670
665,Circle Polo 반팔 티셔츠,top,45900,이건 진짜 축구 유니폼 같은 옷,Red,3,0,2025-05-22 11:14,358,60,34,product_images/665_CIRCLEPOLO.webp,https://www.musinsa.com/products/5048516
666,Tri Logo Mixed T-Shirt,top,70400,진짜 엄청 오버핏 머리에 쓰기도 함,Black,3,0,2025-05-22 11:15,330,3,13,product_images/666_TRILOGO.webp,https://www.musinsa.com/products/4707507
667,머드 스트라이드 숏 슬리브_LC2815800,top,110000,밟힌 살로몬 옷,Red,3,0,2025-05-22 11:17,2,53,42,product_images/667_MURDSTRIGHT.webp,https://www.musinsa.com/products/4821883
668,플레이 그라운드 티셔츠,top,49500,텔레토비 오랜만이네~~,White,3,0,2025-05-22 11:18,300,14,92,product_images/668_TEleTobi.webp,https://www.musinsa.com/products/4901965
669,레드 하트 엠블럼 반소매 티셔츠 - 화이트 / AXT1080512,top,93990,꼼데가르송 송송 시원한 반팔 티,White,3,0,2025-05-22 11:19,0,4,84,product_images/669_REDHEART.webp,https://www.musinsa.com/products/4938292
670,DD murky stripe symbol tee (CHARCOAL),top,43200,이건 민들레 화석인가?,Gray,3,0,2025-05-22 11:21,345,6,27,product_images/670_DDMURKYSTRIPE.webp,https://www.musinsa.com/products/5048827
671,플로렌스 스트라이프 티셔츠 네이비,top,65550,꽃을 항상 보고 싶게 만드는 옷,Blue,3,0,2025-05-22 11:23,215,36,27,product_images/671_FLolence.webp,https://www.musinsa.com/products/5073319
672,마인드 게임 티셔츠,top,74000,게임 안티가 만든듯?,Black,3,0,2025-05-22 11:24,93,13,13,product_images/672_MindGame.webp,https://www.musinsa.com/products/4949309
673,러닝 티셔츠 써니 라임,top,59000,런닝하는 사람 중에 입은 사람 많이 본 스타일,White,3,0,2025-05-22 11:25,60,12,91,product_images/673_RunningTshirts.webp,https://www.musinsa.com/products/5107042
674,WIRE STRIPE RUGBY SHORT SLEEVE T-SHIRT GREEN,top,133200,모델이 입은거 보니까 마른 사람한테 좋은 옷,Green,3,0,2025-05-22 11:27,147,16,22,product_images/674_WIRESTRIPE.webp,https://www.musinsa.com/products/5034972
675,허니쿨 티핑 칼라넥 티셔츠 라이트 그레이 (BC5442C182),top,126400,이거 입으면 골프장 가는 옷,White,3,0,2025-05-22 11:29,0,14,93,product_images/675_HUNNyCool.webp,https://www.musinsa.com/products/4996789
676,케이블 카라 반팔 니트 ,top,59900,이 카라 반팔 니트 좀 예쁜데?,Blue,3,0,2025-05-22 11:30,223,39,74,product_images/676_CABLEKARA.webp,https://www.musinsa.com/products/4890123
677,세인트 블러드 럭비 셔츠 - 레드,top,103200,스트릿 무드로 만든 럭피 셔츠,Red,2,0,2025-05-22 11:31,354,75,30,product_images/677_SEintBLood.webp,https://www.musinsa.com/products/4667618
678,체스 링거 카라 반팔티셔츠 크림그레이 KJST2616,top,34900,이거 진짜 맘에 드는 옷,Beige,3,0,2025-05-22 11:33,30,32,85,product_images/678_ChessRINGER.webp,https://www.musinsa.com/products/5045664
679,체스 링거 카라 반팔티셔츠 네이비 KJST2616,top,34900,이게 제일 마음에 드는 옷,Blue,3,0,2025-05-22 11:34,220,25,21,product_images/679_CHEESSSNABY.webp,https://www.musinsa.com/products/5045660
680,HS STRIPE KNIT COLLAR SHIRT_BROWN,top,46400,깔끔한 브라운 컬러에 무난하게 좋다,Orange,3,0,2025-05-22 11:35,34,50,20,product_images/680_HSSTRIPEkNit.webp,https://www.musinsa.com/products/4921677
681,오버핏 워셔블 크루넥 케이블 반팔 니트_5COLOR,top,26800,편안하고 활동성에 좋은 옷,Black,3,0,2025-05-22 11:37,0,4,11,product_images/681_WASHABLEKABLE.webp,https://www.musinsa.com/products/4963910
682,[MAB]블럭 카라 오버핏 티셔츠,top,59900,이거 입으면 얼룩말 놀림 받을 옷,Gray,3,0,2025-05-22 11:39,7,4,44,product_images/682_BlockKARA.webp,https://www.musinsa.com/products/4890150
683,소프트 하프집업 머슬핏 카라 반팔 니트,top,33000,이거 남친룩에 어우리는 옷,Red,3,0,2025-05-22 11:41,16,23,16,product_images/683_SoftHalf.webp,https://www.musinsa.com/products/4960342
684,Y.E.S Jacquard Football Tee Blue,top,67150,이 옷은 보자마자 엄청 시원한 기분,Blue,3,0,2025-05-22 11:42,231,52,38,product_images/684_Y.E.S_JACQUARD.webp,https://www.musinsa.com/products/4954651
685,NT7PR03L 화이트라벨 스트라이프 반팔 폴로_PINK,top,108000,살짝 어지러운 느낌의 옷 보다보면 어지러울 듯?,Red,3,0,2025-05-22 11:43,348,17,54,product_images/685_WHITELABEL.webp,https://www.musinsa.com/products/5106614
686,피케 폴로 반팔 카라티 015502 ,top,18600,변우석이 입은거 보니 역시나,Purple,3,0,2025-05-22 11:44,306,29,48,product_images/686_PIKEPOLO.webp,https://www.musinsa.com/products/5017539
687,베이직 피케 폴로 반팔 티셔츠 멜란지 화이트,top,89100,깔끔하고 무난한 흰 카라티,White,3,0,2025-05-22 11:46,100,4,85,product_images/687_BasicPEKE.webp,https://www.musinsa.com/products/5029471
688,CLASSIC LOGO PK COLLAR TEE white,top,79000,차은우가 입음,White,3,0,2025-05-22 11:47,200,11,89,product_images/688_CLASSICLOGO.webp,https://www.musinsa.com/products/4884766
689,아라스 링거 니트 반팔 GKBST33,top,29400,네이비로 포인트 준 포근한 반팔,White,3,0,2025-05-22 11:50,38,14,89,product_images/689_ARaSRinger.webp,https://www.musinsa.com/products/5112225
690,HARD TWIST RIBBED HENLEY NECK HALF KNIT [MELANGE GREY],top,66750,약간 부담스러우면서 멋있는 니트,Gray,3,0,2025-05-22 11:51,320,1,50,product_images/690_HARDTWISTRIBBED.webp,https://www.musinsa.com/products/5089648
691,퓨어 코튼 브이넥 니트 [레드],top,45900,정렬적이고 강렬한 빨강!,Red,2,0,2025-05-22 11:52,350,86,34,product_images/691_PUARECOTTON.webp,https://www.musinsa.com/products/4747226
692,카라 배색 반팔 니트 블루,top,75650,약간 조금 아저씨 룩,Cyan,3,0,2025-05-22 11:54,206,82,24,product_images/692_BLUEBASACK.webp,https://www.musinsa.com/products/4797990
693,피그먼트 허슬 오버핏 슬리브리스 (차콜) 25SL03,top,29990,근육 많은 분들이 입어야 좋은 옷,Black,3,0,2025-05-22 11:55,34,8,18,product_images/693_HUSLEOVERFIT.webp,https://www.musinsa.com/products/4917771
694,비치클럽 피그먼트 슬리브리스 라이트그레이 FSL111,top,29800,해변에서 근육 많은 사람들이 입음,Gray,3,0,2025-05-22 11:56,223,4,68,product_images/694_bichiClub.webp,https://www.musinsa.com/products/5092318
696,[DRAW FIT X MANJAE] 리브드 슬리브리스 [MELANGE],top,26100,근육이 예쁘면 진짜 예쁨,Gray,3,0,2025-05-22 11:59,0,1,61,product_images/696_DRAWFIT.webp,https://www.musinsa.com/products/5068725
701,팔레르모 스페셜 - 핑크:그린:검,shoes,82990,유니크한 핑크색이 돋보이는 푸마의 스페셜 신발입니다.,Red,3,0,2025-05-21 17:19,338,42,73,product_images/701_shoes_pink.webp,https://www.musinsa.com/products/3681232
702,단테 - 화이트,shoes,101990,그 유명한 닥터 마틴! 당신도 인싸가 될 수 있습니다 우리 모두 함께 패션 센스를 돋보여봐요,White,3,0,2025-05-21 17:21,228,12,92,product_images/702_shoes_white.webp,https://www.musinsa.com/products/1115031
703,스몰 레드 하트 로우탑 스니커즈 - 블랙,shoes,158990,꼼데가르송의 패션 센스가 돋보이는 평범한 듯 특이한 검은색 바탕의 스니커즈입니다.,Gray,3,0,2025-05-21 17:24,11,12,35,product_images/703_shoes_black.webp,https://www.musinsa.com/products/5021510
704,메달리스트 스니커즈 in leather black white,shoes,137500,"아메리칸 스타일의 흰색, 검정색의 대비가 돋보이는 신발입니다.",Gray,3,0,2025-05-21 17:51,24,3,62,product_images/704_shoes_black.webp,https://www.musinsa.com/products/2284961
705,캠퍼스 00s - 브라운,shoes,96990,브라운 색상의 패션 스니커즈화입니다. 아디다스만의 디자인 패턴이 돋보입니다.,Orange,3,0,2025-05-22 9:44,28,31,51,product_images/705_shoes_brown.webp,https://www.musinsa.com/products/4648367
706,올드스쿨 - 피그 스웨이드 스타게이져,shoes,95000,우수한 내구성과 부드러운 촉감의 스웨이드 소재로 제작된 패션 스니커즈화입니다.,Cyan,3,0,2025-05-22 9:46,203,21,47,product_images/706_shoes_blue.webp,https://www.musinsa.com/products/4761738
707,링컨 4 - 오트밀:오트 밀크,shoes,159000,폭신한 탑 EVA폼과 고무 코팅 된 포듈러 디자인의 러닝화입니다.,Beige,3,0,2025-05-22 9:47,27,28,75,product_images/707_shoes_ivory.webp,https://www.musinsa.com/products/4699344
708,푸마 터프 테라Hi Gloss - 화이트:그레이,shoes,81990,퀼팅 처리한 패딩 소재 어퍼와 플리스 안감으로 구성 된 독특한 패션 스니커즈화입니다.,Light Gray,3,0,2025-05-22 9:49,20,7,83,product_images/708_shoes_white.webp,https://www.musinsa.com/products/4599739
709,MS2356 페니로퍼 도루스 브라운,shoes,44900,도시의 익숙함과 오래된 감성을 더한 어반 빈티지 감성의 로퍼입니다.,Gray,3,0,2025-05-22 9:51,354,7,26,product_images/709_shoes_brown.webp,https://www.musinsa.com/products/1246818
710,뉴포트 H2 샌들 Triple Black,shoes,160500,워터 슈즈의 실루엣과 기능성에 트레킹화를 접목시킨 독특한 구조의 하이브리드 샌들입니다.,Gray,3,0,2025-05-22 9:52,0,3,25,product_images/710_shoes_black.webp,https://www.musinsa.com/products/2378989
711,ZHAK (제크) 블랙,shoes,59600,아이캐칭이 되는 컬러 구성과 룩에 포인트를 줄 수 있는 레이어드 패턴의 디자인 포인트,Gray,3,0,2025-05-22 9:54,300,5,21,product_images/711_shoes_black.webp,https://www.musinsa.com/products/3951326
712,말모 어센틱 스니커즈,shoes,82710,트렌디한 오버사이즈 컵솔 유닛에 클래식 테니스 갑피 결합으로 선보이는 하이브리드 CK 스니커즈입니다.,Beige,3,0,2025-05-22 9:57,26,20,86,product_images/712_shoes_white.webp,https://www.musinsa.com/products/4241773
713,푸마 클럽 SD FS - 초콜릿:타우페,shoes,62990,축구에서 영감을 받은 푸마 클럽 실룻엣으로 인조 가죽과 폴리에스터 소재를 레이어드한 패션 스니커즈화입니다.,Orange,3,0,2025-05-22 9:58,20,17,31,product_images/713_shoes_brown.webp,https://www.musinsa.com/products/3811288
714,(남성) 링컨 4 - 포레스트 리첸:유칼립투스,shoes,159000,고무 코팅 된 포듈러 디자인의 하단 EVA가 사용되어 부드러운 착화감이 특징인 러닝화입니다.,Light Gray,2,0,2025-05-22 10:04,42,14,62,product_images/714_shoes_green.webp,https://www.musinsa.com/products/4726823
715,튜린3 Golazo Metallic - 실버:아이보리,shoes,54990,광택이 돋보이는 실버 색상의 패션 스니커즈화입니다.,Light Gray,2,0,2025-05-22 10:05,23,5,68,product_images/715_shoes_silver.webp,https://www.musinsa.com/products/4240676
716,올드스쿨 - 데님 블루:마쉬멜로우,shoes,70990,캐주얼한 스타일의 데님 소재의 패션 스니커즈화입니다.,Gray,2,0,2025-05-22 10:08,235,10,24,product_images/716_shoes_blue.webp,https://www.musinsa.com/products/4761739
717,재팬 - 크림화이트:블루,shoes,133990,1964년 아카이브를 재해석한 스웨이드 코팅 가죽 소재의 스니커즈입니다.,Light Gray,3,0,2025-05-22 10:10,197,8,64,product_images/717_shoes_white.webp,https://www.musinsa.com/products/4739383
718, 재팬 - 크림화이트:루비,shoes,149000,크림화이트 색상의 부드러운 소재가 매력적인 스니커즈입니다.,Beige,2,0,2025-05-22 10:15,20,23,66,product_images/718_shoes_ivory.webp,https://www.musinsa.com/products/4739382
719,푸마 터프 테라 Hi Gloss - 블랙:다크그레이,shoes,81990,든든한 충전재로 높은 보온성을 지닌 터프입니다.,Gray,2,0,2025-05-22 10:16,12,5,18,product_images/719_shoes_black.webp,https://www.musinsa.com/products/4537666
720,젤-1130 - 스틸 그레이:퓨어 실버,shoes,119000,2004년 처음 런칭한 젤-1130을 다시 복각한 스포츠 러닝화입니다.,Gray,3,0,2025-05-22 10:18,195,2,51,product_images/720_shoes_silver.webp,https://www.musinsa.com/products/3392006
721, 블랑 티롤리안 로우 R23M702,shoes,88000,로맨틱무브의 자체 공방에서 제작된 질 좋은 천연 소가죽 소재의 모카신입니다.,Beige,2,0,2025-05-22 10:20,33,33,74,product_images/721_shoes_ivory.webp,https://www.musinsa.com/products/3435994
722,스탠스미스 - 화이트:블루,shoes,54990,뒤꿈치를 둘러싼 스웨이드 디테일이 돋보이는 이번 버전은 오리지널 스니커즈의 본질을 살린 빈티지한 분위기를 선보입니다,Light Gray,3,0,2025-05-22 10:21,225,4,81,product_images/722_shoes_white.webp,https://www.musinsa.com/products/3475357
723,BB 4000 II - 그린,shoes,64500,80년대 농구 코트의 DNA를 기반으로 한 리복의 아이코닉 라이프 스타일 스니커즈입니다.,Gray,3,0,2025-05-22 10:24,36,12,49,product_images/723_shoes_white.webp,https://www.musinsa.com/products/3093525
724,스타일 36 - (빈티지 팝) 포트,shoes,33990,빈티지 스타일의 단화입니다.,Light Gray,3,0,2025-05-22 10:25,22,6,61,product_images/724_shoes_white.webp,https://www.musinsa.com/products/3008388
725,팔레르모 Palermo,shoes,83300,1980년대 초반 축구 경기장에서 선보인 클래식 스타일의 스니커즈입니다.,Light Gray,3,0,2025-05-22 10:26,240,5,74,product_images/725_shoes_white.webp,https://www.musinsa.com/products/4604305
726,Hypnotic CL,shoes,43990,푹신한 소재와 정교한 디자인이 돋보이는 운동화입니다.,Light Gray,3,0,2025-05-22 10:28,320,5,88,product_images/726_shoes_white.webp,https://www.musinsa.com/products/4660576
727,CELINA (셀리나) 화이트,shoes,47600,엄브로의 로고가 돋보이는 모든 착장에 어울리는 패션 스니커즈화입니다.,Beige,3,0,2025-05-22 10:29,36,18,78,product_images/727_shoes_ivory.webp,https://www.musinsa.com/products/3791871
728,클럽 C 85 - 허스키,shoes,64500,스포티한 감성과 레트로한 디자인이 융합된 리복의 패션 스니커즈화입니다.,Beige,3,0,2025-05-22 10:30,25,19,75,product_images/728_shoes_ivory.webp,https://www.musinsa.com/products/2921406
729,Steve Autumn Slipper,shoes,24950,편하게 어디서든 신을 수 있는 퍼 슬리퍼입니다.,Orange,3,0,2025-05-22 10:31,24,20,34,product_images/729_shoes_brown.webp,https://www.musinsa.com/products/4382136
730,스펙터 102,shoes,54500,"트렌디한 스타일의 스펙터 102, 프로스펙스의 기술력을 느껴보세요.",Gray,3,0,2025-05-22 10:33,345,3,28,product_images/730_shoes_black.webp,https://www.musinsa.com/products/2433728
731,버클 쿠션 슬리퍼,shoes,7900,저렴한 가격의 낫소 버클 쿠션 슬리퍼입니다.,Black,3,0,2025-05-22 10:34,33,28,8,product_images/731_shoes_black.webp,https://www.musinsa.com/products/4073284
732,로마 OG 나일론 - 클럽레드,shoes,109000,정열적인 빨간색과 부드러운 소 가죽이 만난 포인트로 주기에 적합한 스니커즈입니다.,Red,3,0,2025-05-22 10:35,355,35,60,product_images/732_shoes_red.webp,https://www.musinsa.com/products/3849851
733,WTRD1102 데미안 4홀 더비슈즈 매트블랙,shoes,39600,매트한 질감으로 어디에서도 깔끔한 느낌을 줄 수 있는 더비 슈즈입니다.,Black,3,0,2025-05-22 10:36,26,18,8,product_images/733_shoes_black.webp,https://www.musinsa.com/products/949538
734,마싸 브라운,shoes,11900,저렴한 가격이 장점인 깔끔한 캔버스입니다.,Red,3,0,2025-05-22 10:38,356,28,24,product_images/734_shoes_red.webp,https://www.musinsa.com/products/1178729
735,슈퍼스타 82 - 그린:오프화이트,shoes,58990,아디다스의 패션 센스가 돋보이는 색상 매치로 많은 사람들의 마음을 이끌어내는 패션 스니커즈화입니다.,Green,3,0,2025-05-22 10:39,159,16,39,product_images/735_shoes_green.webp,https://www.musinsa.com/products/3606176
736,모디 스니커즈 FLFDDA3U01,shoes,24900,저렴한 가격과 깔끔한 디자인으로 많은 사람의 이목을 끌었던 패션 스니커즈화입니다.,Orange,3,0,2025-05-22 10:40,15,31,25,product_images/736_shoes_brown.webp,https://www.musinsa.com/products/3682842
737,트랜스포트 모던 러닝 슈즈,shoes,55300,깔끔한 디자인의 운동화로 모든 상황에 잘 어울리는 신발입니다.,Light Gray,3,0,2025-05-22 10:42,330,5,83,product_images/737_shoes_white.webp,https://www.musinsa.com/products/4701892
738,퀀텀 그램 하이크 (W2)_White,shoes,69000,아이더의 기술력으로 가볍고 편안함을 강조하는 캐주얼 스타일의 등산화입니다.,Light Gray,3,0,2025-05-22 10:49,225,6,86,product_images/738_shoes_white.webp,https://www.musinsa.com/products/2633549
739,컴피쿠시 원 - (체커보드) 레이싱 레드:마쉬멜로우,shoes,49990,체커보드의 패턴이 돋보이는 캐주얼한 캔버스입니다.,Red,3,0,2025-05-22 10:50,351,35,71,product_images/739_shoes_red.webp,https://www.musinsa.com/products/2670201
740,삼바 OG - 카본:레드,shoes,54990,"강렬한 블랙, 레드 조합으로 시선을 강탈하는 패션 스니커즈화입니다.",Red,3,0,2025-05-22 10:51,355,38,35,product_images/740_shoes_black.webp,https://www.musinsa.com/products/3756827
741,가젤 인도어 - 블루:블랙,shoes,66990,로우 클래식의 가젤은 가벼운 스웨이드 갑피로 ,Cyan,3,0,2025-05-22 10:55,203,24,36,product_images/741_shoes_blue.webp,https://www.musinsa.com/products/3552391
742,드래곤 비트 (QN323LCR82),shoes,44700,르꼬끄 특유의 스타일로 만들어진 패션 스니커즈화입니다.,Light Gray,3,0,2025-05-22 10:57,255,2,68,product_images/742_shoes_white.webp,https://www.musinsa.com/products/4710463
743,플랫폼 볼륨 더비 화이트,shoes,39900,독특한 화이트 컬러의 깔끔한 로퍼입니다.,Light Gray,3,0,2025-05-22 10:58,32,11,66,product_images/743_shoes_white.webp,https://www.musinsa.com/products/3695682
744,마스 볼륨 스퀘어토 2홀 왈라비 더비슈즈 카멜,shoes,54500,위더로드만의 감성으로 가득한 밝은 색상의 더비 슈즈입니다.,Orange,3,0,2025-05-22 11:00,26,51,47,product_images/744_shoes_brown.webp,https://www.musinsa.com/products/4509321
745,비틀 유팁 더비 R23M701,shoes,88000,부드러운 소재와 색상으로 무장한 여심 저격 더비 슈즈입니다.,Beige,3,0,2025-05-22 11:01,38,27,67,product_images/745_shoes_ivory.webp,https://www.musinsa.com/products/3435828
746,플로트직 시메트로스 - 오렌지,shoes,111300,오렌지 색상으로 포인트를 준 편안한 러닝화입니다.,Red,3,0,2025-05-22 11:02,12,43,75,product_images/746_shoes_orange.webp,https://www.musinsa.com/products/4025611
747,남성 Newmarket 추카 부츠 브라운,shoes,89000,깔끔한 브라운 색상의 미들 부츠입니다.,Orange,3,0,2025-05-22 11:04,21,44,25,product_images/747_shoes_brown.webp,https://www.musinsa.com/products/3853246
748,레스모아 남성 왈라비 캐주얼화,shoes,118800,국내 유명 브랜드인 금강의 기술력으로 편안함과 비주얼을 모두 잡은 스니커즈입니다.,Orange,3,0,2025-05-22 11:06,25,28,50,product_images/748_shoes_brown.webp,https://www.musinsa.com/products/4524879
749,RS-X 40th 애니버서리 - 블랙:라이트그레이,shoes,75990,푸마의 40주년 기념 한정판 스니커즈화입니다.,Light Gray,3,0,2025-05-22 11:07,67,5,68,product_images/749_shoes_green.webp,https://www.musinsa.com/products/3886486
750,플로트직 1 - 라이트 블루,shoes,104300,Foam 쿠셔닝을 적용하여 안정적인 착화감을 제공하는 플로트직 러닝화입니다.,Light Gray,3,0,2025-05-22 11:09,346,13,74,product_images/750_shoes_blue.webp,https://www.musinsa.com/products/4025602
751,리더 E.H 스웨이드 건메탈,shoes,67990,닥터마틴만의 유니크한 스타일로 이목을 끌고 있는 스웨이드 건메탈 더비 슈즈입니다.,Gray,3,0,2025-05-22 11:11,12,4,45,product_images/751_shoes_gray.webp,https://www.musinsa.com/products/3467909
752,벨리 스니커즈,shoes,175000,고급진 버건디 색상으로 선보이는 깔끔한 스니커즈입니다.,Red,3,0,2025-05-22 11:12,347,40,25,product_images/752_shoes_red.webp,https://www.musinsa.com/products/4479356
753,그런지 캔버스 스니커즈,shoes,55300,대비되는 빨간색과 화이트의 조합으로 꾸준히 사랑받고 있는 캔버스입니다.,Red,3,0,2025-05-22 11:13,352,59,44,product_images/753_shoes_red.webp,https://www.musinsa.com/products/2219613
754,샤크 어택 - 화이트:오렌지,shoes,94500,"다양한 색상의 조합으로 시선을 뗄 수 없는 매력 포인트, 샤크 어택 농구화입니다.",Gray,3,0,2025-05-22 11:15,351,6,52,product_images/754_shoes_mix.webp,https://www.musinsa.com/products/3327533
755,클럽 C 그라운드 UK - 레드,shoes,97300,리복만의 UK 스타일을 살린 패션 스니커즈화입니다.,Red,3,0,2025-05-22 11:16,7,40,43,product_images/755_shoes_red.webp,https://www.musinsa.com/products/3775148
756,청키하이 모노 자카드 B,shoes,90300,고급스러움과 캐주얼함을 잘 섞어 놓은 하이 운동화입니다.,Beige,3,0,2025-05-22 11:17,27,15,66,product_images/756_shoes_ivory.webp,https://www.musinsa.com/products/2172072
757,빅볼청키 P 메가 NY,shoes,83300,MLB의 스테디 셀러인 빅볼청키 NY입니다.,Light Gray,3,0,2025-05-22 11:18,41,11,71,product_images/757_shoes_ivory.webp,https://www.musinsa.com/products/2649540
758,남녀공용 하이킹화 모션,shoes,125000,평상화로도 손색이 없는 스타일의 편안한 하이킹화입니다.,Gray,3,0,2025-05-22 11:19,60,10,41,product_images/758_shoes_green.webp,https://www.musinsa.com/products/3553204
759,남성 헤리티지 6인치 레이스업 방수 부츠 다크블루,shoes,134000,하이탑 스타일의 부츠로 나만의 스타일을 뽐내고 싶은 분들을 위한 부츠입니다.,Gray,3,0,2025-05-22 11:21,285,3,28,product_images/759_shoes_blue.webp,https://www.musinsa.com/products/4990544
760,VAIDER STADIUM,shoes,39000,저렴한 가격에 만나볼 수 있는 수프라의 감성이 담긴 운동화입니다.,Green,3,0,2025-05-22 11:31,152,28,43,product_images/760_shoes_green.webp,https://www.musinsa.com/products/3601637
761,클럽 C 그라운드 UK - 네이비,shoes,69500,리복의 UK 감성을 담은 네이비 색상의 패션 스니커즈입니다.,Gray,3,0,2025-05-22 11:34,250,7,34,product_images/761_shoes_navy.webp,https://www.musinsa.com/products/3465545
762,442 스니커즈 GREEN,shoes,23900,저렴한 가격이 강점인 피파1904의 패션 스니커즈화입니다.,Green,3,0,2025-05-22 11:36,148,31,44,product_images/762_shoes_green.webp,https://www.musinsa.com/products/3267505
763,공용 PNI 피엔아이 SPHPFNLS304UORD,shoes,68600,정열적인 붉은색에 어울리는 검은색 포인트로 어딜가나 사랑받는 공용 패션 스니커즈입니다.,Red,3,0,2025-05-22 11:37,3,43,41,product_images/763_shoes_red.webp,https://www.musinsa.com/products/4915669
764,하이브리드 유닛 델타,shoes,67150,흔치 않은 보라색의 컬러감으로 무장한 트렌디한 캔버스입니다.,Blue,3,0,2025-05-22 11:39,259,35,25,product_images/764_shoes_purple.webp,https://www.musinsa.com/products/2025759
765,2046 웨스트민스터,shoes,99990,닥터마틴 즐기는 클래식 더비슈즈입니다.,Orange,3,0,2025-05-22 11:40,17,35,47,product_images/765_shoes_brown.webp,https://www.musinsa.com/products/3171847
766,에어로우 윈드,shoes,50410,"3중 쿠셔닝 시스템으로 발을 더 편안하게, 정교한 패턴으로 이루어진 스니커즈입니다.",Light Gray,3,0,2025-05-22 11:48,168,8,62,product_images/766_shoes_blue.webp,https://www.musinsa.com/products/2014886
767,청키클래식 바시티 LA,shoes,104300,흰색 바탕에 깔끔한 푸른색으로 포인트를 살린 청키 클래식 스니커즈입니다.,Light Gray,3,0,2025-05-22 11:49,250,4,69,product_images/767_shoes_white.webp,https://www.musinsa.com/products/3401557
768,가젤 - 블랙:옐로우,shoes,50990,독특한 노란색 포인트로 패션 센스가 돋보이는 가젤 스니커즈입니다.,Yellow,3,0,2025-05-22 11:50,50,39,37,product_images/768_shoes_black.webp,https://www.musinsa.com/products/3328433
769,젤-프리샷 클래식 - 피코트:선플라워,shoes,99000,기존 골프화의 이미지를 깨는 트렌디한 감성의 아식스 골프화입니다.,Orange,3,0,2025-05-22 11:51,36,37,39,product_images/769_shoes_blue.webp,https://www.musinsa.com/products/3086968
770,Vamonos A500018-003,shoes,316800,특별히 튀고 싶은 날 독특한 색감으로 모두의 시선을 끌 수 있는 로퍼입니다.,Yellow,3,0,2025-05-22 11:52,51,44,31,product_images/770_shoes_green.webp,https://www.musinsa.com/products/3826749
804,RC BB557 GREEN 선글라스,etc,25200,활동성 있는 컬러풀한 디자인으로 안경 다리에 철심을 넣어 더 견고하게 리뉴얼,Orange,3,0,2025-05-21 17:36,40,99,59,product_images/804_etc.yellow.webp,https://www.musinsa.com/products/2458627
805,COLDER 2colors 편광 선글라스,etc,31000,편광 렌즈로 자외선 뿐만 아니라 편광(난반사)까지 차단!! ,Blue,3,0,2025-05-21 17:38,249,16,15,product_images/805_etc.black.webp,https://www.musinsa.com/products/2862399
806,BAUUS C1,etc,22800,정직하고 바른 재료를 사용하여 본질에 집중한 데일리 아이웨어를 놀라운 가격과 품질로 제안합니다.,Gray,3,0,2025-05-21 17:40,336,8,25,product_images/806_etc.black.webp,https://www.musinsa.com/products/1496749
807,BG284CAP902_WEDNESDAY WASHING CAP-BURGUNDY,etc,12600,워싱 가공을 통한 부드러운 원단과 톤 다운된 매력적인 컬러감,Red,3,0,2025-05-21 17:42,347,67,31,product_images/807_etc.red.webp,https://www.musinsa.com/products/2198830
808,1988 로고 볼 캡-그린,etc,29000,스트릿적인 요소와 미니멀적인 요소를 필루미네이트만의 색으로 표현!!,Green,2,0,2025-05-21 17:44,110,18,39,product_images/808_etc.green.webp,https://www.musinsa.com/products/3044032
809,MLB 핀치히터 LA다저스 볼캡 로얄 블루,etc,36000,심플하면서도 스타일리시한 핏 감으로 사랑받은 핀치히터! 데일리 캡으로 추천하는 핀치히터 볼캡을 만나보세요.,Blue,3,0,2025-05-21 17:45,238,48,25,product_images/809_etc.blue.webp,https://www.musinsa.com/products/3865996
810,BROMPTON KNIT MUFFLER - BEIGE (P234AMS210),etc,119200,베이직한 디자인의 니트 머플러,Beige,1,0,2025-05-21 23:25,21,20,86,product_images/810_etc.beige.webp,https://www.musinsa.com/products/4456244
811,C로고 풀랭스삭스 3켤레 White,etc,18000,뛰어난 땀 흡수력의 double dry기능이 적용된 폴리에스터 혼방소재 사용하여 발을 시원하게 유지시키고 소프트한 착용감 제공,Light Gray,3,0,2025-05-21 23:34,0,14,90,product_images/811_etc.white.webp,https://www.musinsa.com/products/2960555
812,라이트웨이트 크루 삭스 7팩 [블랙],etc,19900,얇은 두께와 가벼운 중량으로 제작.,Black,3,0,2025-05-21 23:36,323,17,9,product_images/812_etc.black.webp,https://www.musinsa.com/products/991340
813,BROMPTON SOCKS 2 - NAVY (P245ASO202),etc,10400,스포티와 캐주얼 무드를 아우르는 컬러로 출시되어 여러 룩에 활용하기 좋습니다.,Blue,3,0,2025-05-21 23:37,237,41,20,product_images/813_etc.blue.webp,https://www.musinsa.com/products/4081646
814,BROMPTON SOCKS 2 - ORANGE (P245ASO202),etc,10400,스포티와 캐주얼 무드를 아우르는 컬러로 출시되어 여러 룩에 활용하기 좋습니다.,Orange,3,0,2025-05-21 23:38,21,62,46,product_images/814_etc.orange.webp,https://www.musinsa.com/products/4081649
815,BROMPTON SOCKS 2 - ORANGE (P245ASO202),etc,10400,스포티와 캐주얼 무드를 아우르는 컬러로 출시되어 여러 룩에 활용하기 좋습니다.,Green,3,0,2025-05-21 23:39,134,29,35,product_images/815_etc.green.webp,https://www.musinsa.com/products/4081641
816,MATIN CLASSIC LOGO BALL CAP IN BLACK,etc,52200,마뗑킴 기본 볼드 로고 자수가 포인트인 볼캡,Gray,3,0,2025-05-21 23:41,260,9,13,product_images/816_etc.black.webp,https://www.musinsa.com/products/4751085
817,로튀스 버킷 햇_LC2783900,etc,80000,뛰어난 경량성과 흡습속건 기능으로 아웃도어 활동 시 땀으로부터 발생하는 불편함을 최소화하고 쾌적하게 착용할 수 있습니다.,Black,3,0,2025-05-21 23:42,0,6,7,product_images/817_etc.black.webp,https://www.musinsa.com/products/4888065
818,RIVET BUCKET BEANIE - IVORY,etc,60300,페이퍼와 코튼 혼방사 짜임으로 여름에 착용시에도 덥지않고 쾌적하게 착용할 수 있습니다.,Beige,2,0,2025-05-21 23:44,21,46,93,product_images/818_etc.white.webp,https://www.musinsa.com/products/4794610
819,캠플 버킷햇 Beige (S23SUCBH11),etc,29000,나일론 소재로 시원하고 편안한 착용감의 버킷햇,Beige,3,0,2025-05-21 23:45,31,20,67,product_images/819_etc.beige.webp,https://www.musinsa.com/products/3195171
820,트레포일 베이스볼 캡 - 핑크 / JD5353,etc,34990,"파스텔 컬러가 산뜻한 여름 분위기를 자아내고, 부드러운 구조의 크라운이 캐주얼한 룩을 선사합니다. ",Red,2,0,2025-05-21 23:46,1,60,85,product_images/820_etc.pink.webp,https://www.musinsa.com/products/4854732
821,고착사 니트 버킷 햇 베이지,etc,13900,램스울 소재를 사용하여 부드러운 터침감과 어센틱 로고 자수로 포인트를 준 고착사 니트 버킷 햇,Beige,1,0,2025-05-21 23:48,27,24,76,product_images/821_etc.beige.webp,https://www.musinsa.com/products/2813492
822,P 트위치 로고 자수 코튼 커브 볼캡 모자 [블루],etc,9900,플레이스 시크니처 로고 디자인으로 포인트를 준 모자입니다.,Blue,2,0,2025-05-21 23:49,224,16,41,product_images/822_etc.blue.webp,https://www.musinsa.com/products/4116667
823,VTG 워시드 선라이트 볼 캡 레드,etc,29900,착용감이 부드러운 면 소재로 제작되어 자연스러운 구김과 에이징을 보여주는 제품입니다.,Red,3,0,2025-05-21 23:50,1,65,57,product_images/823_etc.red.webp,https://www.musinsa.com/products/3818755
824,VTG 워시드 선라이트 볼 캡 브라운 카키,etc,29900,빈티지한 무드의 컬러감과 텍스쳐가 돋보이는 VTG 워시드 선라이트 볼 캡입니다. 착용감이 부드러운 면 소재로 제작되어 자연스러운 구김과 에이징을 보여주는 제품입니다.,Beige,2,0,2025-05-21 23:52,34,26,69,product_images/824_etc.brown.webp,https://www.musinsa.com/products/3818754
825,NO MATTER SK8 SOCKS MUSTARD,etc,19000,톤다운된 유쾌한 컬러감과 키치한 아트워크가 포인트인 네이키드블러드 크루 삭스제품입니다.,Beige,2,0,2025-05-21 23:55,37,40,67,product_images/825_etc.yellow.webp,https://www.musinsa.com/products/4975637
826,NO MATTER SK8 SOCKS GREEN,etc,19000,스포티와 캐주얼 무드를 아우르는 컬러로 출시되어 여러 룩에 활용하기 좋습니다.,Green,3,0,2025-05-21 23:56,145,26,29,product_images/826_etc.green.webp,https://www.musinsa.com/products/4975632
827,ALDO RT 2013 C2 BLACK,etc,35800,라운딩 처리된 스퀘어 프론트가 에센셜한 선글라스,Black,3,0,2025-05-22 0:01,330,11,7,product_images/827_etc.black.webp,https://www.musinsa.com/products/3272878
828,시와지 SHIVAJI BK,etc,25200,편광 렌즈로 자외선 뿐만 아니라 편광(난반사)까지 차단됩니다.,Black,2,0,2025-05-22 0:04,4,35,8,product_images/828_etc.black.webp,https://www.musinsa.com/products/1618826
830,티타늄 긱시크 투명 블루레이 차단 검정테 글라스 안경 [BMDTG] MEN ver.,etc,29600,"고급 소재인 티타늄을 사용하여 오랜기간 착용해도 변색이 없으며, 트렌디한 투명 라운드스퀘어와 미들 검정테 디자인으로 긱시크 패션룩을 연출해 줍니다.",Beige,2,0,2025-05-22 0:10,24,30,84,product_images/830_etc.white.webp,https://www.musinsa.com/products/4117801
831,MEN 빅 뿔테 블루라이트 차단 안경 라운드스퀘어 글라스 [BKBG],etc,25600,빈티지&레트로한 느낌까지 가능한 데일리 투명 안경,Light Gray,3,0,2025-05-22 0:11,285,8,80,product_images/831_etc.webp,https://www.musinsa.com/products/4441004
832,빅 사이즈 코튼 볼캡 [블랙],etc,19900,"크라운의 크기와 깊이,를 여유있게 설정하여 얼굴이 작아보이는 효과가 있으며, 두상과 얼굴이 큰 사람이 착용해도 잘 어울립니다.",Black,2,0,2025-05-22 0:15,312,13,8,product_images/832_etc.webp,https://www.musinsa.com/products/1388932
833,루키 언스트럭쳐 볼캡 LA (Wine),etc,36000,내구성이 좋은 트윌 코튼 소재로 자연스러운 형태감 연출,Light Gray,2,0,2025-05-22 0:17,351,14,62,product_images/833_etc.webp,https://www.musinsa.com/products/2699678
834,MLB 베이직 뉴욕 양키스 볼캡 로얄 블루,etc,31680,"항상 많은 사랑을 받고 있는 MLB 베이직 뉴욕 양키스 볼캡이 더욱더 다양한 컬러로 돌아왔습니다. 이번 컬렉션은 MLB 명문 구단인 뉴욕 양키스를 모티브로 제작됐으며, 데일리 캡으로 항상 사랑받고 있는 9FORTY 실루엣으로 디자인했습니다.",Blue,3,0,2025-05-22 0:18,231,38,30,product_images/834_etc.webp,https://www.musinsa.com/products/3088358
835,[무료반품]클럽 언스트럭처드 퓨추라 워시 캡 ,etc,28000,"부드러운 워싱 처리로 매끄러운 면 트윌 소재로 제작되어 첫날부터 편안하게 착용할 수 있습니다. 곡선 처리된 챙이 캐주얼한 스타일을 선사하며, 조절 가능한 백 스트랩으로 꼭 맞는 핏을 연출할 수 있습니다.",Beige,3,0,2025-05-22 0:18,24,32,69,product_images/835_etc.webp,https://www.musinsa.com/products/4241923
836,코튼 치노 베이스볼 캡,etc,89000,클래식한 디자인에 흔하지 않은 컬러 구성으로 다양한 룩에 포인트를 선사한다.,Cyan,3,0,2025-05-22 0:20,210,55,82,product_images/836_etc.webp,https://www.musinsa.com/products/2416506
837,코튼 치노 베이스볼 캡,etc,89000,스포티와 캐주얼 무드를 아우르는 컬러로 출시되어 여러 룩에 활용하기 좋습니다.,Orange,3,0,2025-05-22 0:21,18,82,48,product_images/837_etc.webp,https://www.musinsa.com/products/2053470
838,폴로 치노 베이스볼 캡 - 화이트,etc,89000,다양한 스타일에 활용하기 좋아 야외 활동이나 데일리웨어로 쓰기 적합하다.,White,3,0,2025-05-22 0:22,0,6,94,product_images/838_etc.webp,https://www.musinsa.com/products/1063518
839,변색 베타티타늄 안경,etc,54800,편광 렌즈로 자외선 뿐만 아니라 편광(난반사)까지 차단!! ,Beige,3,0,2025-05-22 0:23,35,46,76,product_images/839_etc.webp,https://www.musinsa.com/products/3601999
840,자이스 렌즈 남녀공용 아세테이트 선글라스 SELENA C12,etc,58800,99.9% UV차단 기능이 있는 자이스 렌즈를 사용한 고급 아이웨어를 합리적인 가격에 제공합니다.,Purple,2,0,2025-05-22 0:26,313,22,30,product_images/840_etc.webp,https://www.musinsa.com/products/2038997
841,SYMBOL LOGO BEANIE BLACK,etc,28800,텐션감이 좋아 어느 두상에나 착용이 용이한 실루엣,Gray,1,0,2025-05-22 9:34,326,9,15,product_images/841_etc.webp,https://www.musinsa.com/products/3534807
842,뉴욕 피그먼트 볼캡 차콜,etc,45600,프리미엄 고밀도 트윌 원단,Gray,2,0,2025-05-22 9:35,13,9,38,product_images/842_etc.webp,https://www.musinsa.com/products/5055334
843,GA-2300-1ADR,etc,145000," 케이스 직경은 45.4mm×42.1mm, 두께는 11.6mm로 대폭 사이즈를 감소시켜, 불필요한 부분을 없앤 미니멀한 디자인으로 근미래적인 이미지를 지향했습니다.",Gray,3,0,2025-05-22 9:59,255,6,25,product_images/843_etc.webp,https://www.musinsa.com/products/4417528
844,코브라 (블랙),etc,2898000,"티타눔 소재로 가벼우면서 견고하며, 알람버튼은 스크류 잠금방식으로 리뉴얼되어 방수 성능을 높였습니다.",Gray,3,0,2025-05-22 10:03,10,4,28,product_images/844_etc.webp,https://www.musinsa.com/products/64726
845,Louise-Gold/Vintage Green (unisex),etc,187850,스포티와 캐주얼 무드를 아우르는 컬러로 출시되어 여러 룩에 활용하기 좋습니다.,Beige,3,0,2025-05-22 10:10,35,46,67,product_images/845_etc.webp,https://www.musinsa.com/products/2632797
901,스페셜 후드 바람막이_White,outer,35910,베이직한 디자인의 후드 바람막이,White,3,0,2025-05-21 23:55,333,13,87,product_images/901_outer_white.webp,https://www.musinsa.com/products/3865942
902,시어 후드 베스트 블랙,outer,33100,2025년 4월 베스트 1위,Black,3,0,2025-05-21 23:57,90,3,15,product_images/902_outer_black.webp,https://www.musinsa.com/products/3349832
903,시티 레저 하이넥 시어 윈드브레이커 재킷 [클라우디 블루],outer,49900,에어 웨이트 소재,Gray,3,0,2025-05-21 23:59,207,6,69,product_images/903_outer_skyblue.webp,https://www.musinsa.com/products/4652836
904,Tribal Logo Nylon Racing Jacket - White,outer,89000,낫포너드(NOT4NERD)는 인간의 다양한 감정과 자유로움을 반항적인 디자인,Beige,3,0,2025-05-22 0:02,22,30,93,product_images/904_outer_white.webp,https://www.musinsa.com/products/3209863
905,슈퍼 라이트 바람막이,outer,49900,2025년 4월 스포츠 아우터 1위,Gray,3,0,2025-05-22 0:04,276,5,79,product_images/905_outer_grey.webp,https://www.musinsa.com/products/3800080
906,커브드 라인 윈드 브레이커-블랙,outer,69900,아우터  나일론/코치 재킷 (필루미네이트),Black,2,0,2025-05-22 0:06,0,13,14,product_images/906_outer_black.webp,https://www.musinsa.com/products/4728678
907,시티 레저 에어웨이트 시어 윈드브레이커 재킷 [라이트 그레이],outer,59390,아우터  나일론/코치 재킷 (무신사 스탠다드),Gray,3,0,2025-05-22 0:07,28,11,67,product_images/907_outer_grey.webp,https://www.musinsa.com/products/4652849
908,플랩 시어 윈드브레이커 자켓 [GRAY]_SEJK010GRAY,outer,59800,아우터  나일론/코치 재킷 (세컨모놀로그),Gray,3,0,2025-05-22 0:09,300,1,57,product_images/908_outer_gray.webp,https://www.musinsa.com/products/3942277
909,하이넥 나일론 후드 집업 베스트 (BLACK),outer,47400,2025년 4월 베스트 2위,Black,3,0,2025-05-22 0:14,330,9,13,product_images/909_outer_black.webp,https://www.musinsa.com/products/3158825
910,TCM stripe hooded zip-up (grey/whiteivory),outer,107100,아우터  후드 집업 (더콜디스트모먼트),Gray,3,0,2025-05-22 0:15,16,9,76,product_images/910_outer_grey.webp,https://www.musinsa.com/products/4684041
911,와플 펀칭 니트 베스트 (LIGHT BEIGE),outer,37000,아우터  베스트 (트릴리온),Beige,3,0,2025-05-22 0:19,33,19,79,product_images/911_outer_grey.webp,https://www.musinsa.com/products/3244962
912,ASI 2WAY 나일론 메탈 후드 베스트_그레이,outer,29900,아우터  베스트 (디미트리블랙),Gray,3,0,2025-05-22 0:20,0,3,67,product_images/912_outer_grey.webp,https://www.musinsa.com/products/3037469
913,(써머ver.)버튼 체크 후드 셔츠 하프 자켓 [BLUE]_SEJK016BLUE,outer,45800,아우터  아노락 재킷 (세컨모놀로그),Gray,3,0,2025-05-22 0:22,228,3,71,product_images/913_outer_blue.webp,https://www.musinsa.com/products/4034661
914,하와이안 크로쉐 니트 셔츠_블루,outer,39900,아우터  카디건 (디미트리블랙),Gray,3,0,2025-05-22 0:23,249,8,34,product_images/914_outer_blue.webp,https://www.musinsa.com/products/4077783
915,시티 레저 CN 멀티 포켓 베스트 [카키],outer,48890,아우터  베스트 (무신사 스탠다드),Gray,3,1,2025-05-22 0:25,67,7,46,product_images/915_outer_green.webp,https://www.musinsa.com/products/3758340
916,부클 칼라드 반소매 가디건 [아이보리],outer,40490,아우터  카디건 (무신사 스탠다드),White,3,0,2025-05-22 0:26,26,13,90,product_images/916_outer_ivory.webp,https://www.musinsa.com/products/3933073
917,GNT023 휴먼팩터 반팔 니트 가디건 (BLACK),outer,19800,아우터  카디건 (글랙),Black,3,0,2025-05-22 0:27,320,7,9,product_images/917_outer_black.webp,https://www.musinsa.com/products/4051143
918,빅 로고 트랙 자켓 라벤더,outer,80900,아우터  나일론/코치 재킷 (커버낫),Gray,2,0,2025-05-22 0:30,237,13,72,product_images/918_outer_black.webp,https://www.musinsa.com/products/2307082
919,레누아 시스루 투웨이 루즈핏 바람막이 윈드브레이커 남녀공용 ,outer,51000,아우터  나일론/코치 재킷 (무센트),White,3,0,2025-05-22 0:31,324,14,93,product_images/919_outer_white.webp,https://www.musinsa.com/products/4054249
920,[DAY6]크리스피 타슬란 반팔 스탠넥 아노락 블랙(UQ223CWT59),outer,98100,아우터  기타 아우터 (엄브로),Black,3,0,2025-05-22 0:34,320,8,16,product_images/920_outer_black.webp,https://www.musinsa.com/products/4108924
921,FRENCH WORK HALF SHIRT JACKET _ NAVY,outer,82800,아우터  기타 아우터 (프리즘웍스),Blue,3,0,2025-05-22 0:35,237,17,21,product_images/921_outer_blue.webp,https://www.musinsa.com/products/3285979
922,트랙 레인 래글런 윈드브레이커_라이트 그레이,outer,26900,아우터  나일론/코치 재킷 (레이몬트),Gray,2,0,2025-05-22 0:43,10,6,80,product_images/922_outer_grey.webp,https://www.musinsa.com/products/4894417
923,TAG LIGHT HOOD VEST - BROWN,outer,109000,아우터  베스트 (브라운브레스),Orange,3,0,2025-05-22 0:44,40,38,30,product_images/923_outer_grey.webp,https://www.musinsa.com/products/5048487
924,코튼 반팔 헤리티지 가디건 - 베이지,outer,118400,아우터  카디건 (건지 울른스),Gray,3,0,2025-05-22 0:45,25,12,64,product_images/924_outer_grey.webp,https://www.musinsa.com/products/5067438
925,져지 트랙 반팔 자켓 네이비,outer,48000,아우터  트레이닝 재킷 (트래블),Gray,3,0,2025-05-22 0:47,295,11,20,product_images/925_outer_navy.webp,https://www.musinsa.com/products/4720616
926,리벳 후드 슬리브리스 베스트[블랙],outer,39900,아우터  베스트 (시그니처),Black,3,0,2025-05-22 0:48,0,10,12,product_images/926_outer_black.webp,https://www.musinsa.com/products/4993748
927,[DAY6]HBL BLOKE 반팔 스탠넥 아노락 화이트(UQ223CWT52),outer,98100,아우터  아노락 재킷 (엄브로),White,3,0,2025-05-22 0:49,330,6,93,product_images/927_outer_white.webp,https://www.musinsa.com/products/5041974
928,져지 트랙 반팔 자켓 버건디,outer,48000,아우터  트레이닝 재킷 (트래블),Red,3,0,2025-05-22 0:50,354,47,26,product_images/928_outer_red.webp,https://www.musinsa.com/products/4720617
929,코튼 반팔 헤리티지 가디건 - 에크루,outer,118400,아우터  카디건 (건지 울른스),Beige,3,0,2025-05-22 0:51,25,15,84,product_images/929_outer_white.webp,https://www.musinsa.com/products/5067432
930,하이넥 3D 포켓 후드 베스트 [스카이블루],outer,49140,아우터  베스트 (낫온리포투데이),Cyan,3,0,2025-05-22 0:54,204,40,76,product_images/930_outer_blue.webp,https://www.musinsa.com/products/5079076
931,TAG NYLON HOOD VEST - KHAKI,outer,89000,아우터  베스트 (브라운브레스),Gray,3,0,2025-05-22 1:01,229,7,32,product_images/931_outer_green.webp,https://www.musinsa.com/products/4901023
932,[아네딘 PICK]시어 레저 로고 윈드브레이커-차콜,outer,59900,아우터  나일론/코치 재킷 (필루미네이트),Gray,3,0,2025-05-22 1:04,30,5,58,product_images/932_outer_grey.webp,https://www.musinsa.com/products/4862835
933,[FCMM X BIGBTQ] 정통 윈드브레이커 [전라도] - 그린,outer,89000,스포츠/레저  아우터  나일론/코치 재킷 (에프씨엠엠 스포츠),Turquoise,2,0,2025-05-22 1:05,163,15,33,product_images/933_outer_green.webp,https://www.musinsa.com/products/4651889
934,시스루 지퍼 사선 포켓 하이넥 윈드브레이커 반팔 자켓 [소라],outer,33600,아우터  나일론/코치 재킷 (플레이스스튜디오맨),Gray,3,0,2025-05-22 1:06,203,9,62,product_images/934_outer_blue.webp,https://www.musinsa.com/products/5114332
935,시티 레저 라이트웨이트 패커블 윈드브레이커 재킷 2 [오렌지],outer,49900,아우터  나일론/코치 재킷 (무신사 스탠다드),Red,2,0,2025-05-22 1:07,10,46,51,product_images/935_outer_orange.webp,https://www.musinsa.com/products/4652866
936,코튼 카라 반팔 니트 가디건_샌드 그레이,outer,46900,아우터  카디건 (블론드나인),Gray,3,0,2025-05-22 1:07,25,6,60,product_images/937_outer_grey.webp,https://www.musinsa.com/products/2514200
937,썸머 스트라이프 반팔 니트 셔츠 BLACK,outer,69800,아우터  카디건 (니티드),Black,3,0,2025-05-22 1:08,0,14,10,product_images/936_outer_black.webp,https://www.musinsa.com/products/3259565
938,14gg Silk Cotton Half Polo Knit (Black),outer,99000,아우터  카디건 (솔티),Black,3,0,2025-05-22 1:09,330,6,13,product_images/940_outer_black.webp,https://www.musinsa.com/products/2527811
939,리프 크로쉐 하프 카디건 아보카도,outer,129000,상의  니트/스웨터 (애프터프레이),Beige,3,0,2025-05-22 1:11,43,36,76,product_images/941_outer_ivory.webp,https://www.musinsa.com/products/3250077
940,크로셰 칼라드 반팔 가디건 [아이보리],outer,59900,아우터  카디건 (무신사 스탠다드),Gray,3,0,2025-05-22 1:12,22,14,74,product_images/938_outer_grey.webp,https://www.musinsa.com/products/3171891
941,린넨 라이크 카라 반팔 니트 가디건 [오트밀],outer,53800,상의  니트/스웨터 (데꼬로소),Gray,3,0,2025-05-22 1:13,280,6,73,product_images/945_outer_white.webp,https://www.musinsa.com/products/4079522
942,니트 베스트 가디건 (OATMEAL),outer,29990,아우터  베스트 (토피),Beige,3,0,2025-05-22 1:14,21,21,87,product_images/942_outer_ivory.webp,https://www.musinsa.com/products/3790296
943,부클 칼라드 반소매 가디건 [더스티 민트],outer,40490,아우터  카디건 (무신사 스탠다드),Gray,3,0,2025-05-22 1:15,175,9,51,product_images/944_outer_green.webp,https://www.musinsa.com/products/3933077
944,루즈핏 린넨 무지 로브 가디건 네이비,outer,27800,아우터  카디건 (탑보이),Blue,3,0,2025-05-22 1:16,228,25,19,product_images/939_outer_navy.webp,https://www.musinsa.com/products/4126979
945,부클 칼라드 반소매 가디건 [블루 그레이],outer,43390,아우터  카디건 (무신사 스탠다드),Blue,3,0,2025-05-22 1:17,220,18,65,product_images/943_outer_blue.webp,https://www.musinsa.com/products/3933075
946,패커블 우븐 자켓 - 알파인스노우 / 950406-03,outer,86990,스포츠/레저  아우터  기타 점퍼/재킷 (푸마),Beige,2,0,2025-05-22 1:20,32,30,74,product_images/946_outer_ivory.webp,https://www.musinsa.com/products/4931673
947,[무료반품]클럽 오버사이즈 우븐 트랙 재킷 M - 데저트 카키:밍크 브라운 / HV6918-251,outer,119200,아우터  트레이닝 재킷 (나이키),Beige,2,0,2025-05-22 10:17,36,47,80,product_images/947_outer_ivory.webp,https://www.musinsa.com/products/4836512
948,크로스 체크 윈드 브레이커 - 화이트 / 100215498,outer,99000,스포츠/레저  아우터  트레이닝 재킷 (리복),Light Gray,2,0,2025-05-22 10:18,264,10,90,product_images/948_outer_white.webp,https://www.musinsa.com/products/4874895
949,GhostMark Wind Jacket (GRAY),outer,151000,아우터  나일론/코치 재킷 (펀치드렁크파티즈),Light Gray,2,0,2025-05-22 10:19,13,5,66,product_images/949_outer_gray.webp,https://www.musinsa.com/products/4822753
950,Honda Nylon Stitch Track Jacket_Red,outer,143200,아우터  나일론/코치 재킷 (혼다 모터사이클),Red,2,0,2025-05-22 10:19,356,48,41,product_images/950_outer_red.webp,https://www.musinsa.com/products/4738408
951,[3-LAYER] 테크니컬 윈드브레이커_SPJJF23C02,outer,39900,아우터  나일론/코치 재킷 (스파오),Beige,2,0,2025-05-22 10:20,30,28,75,product_images/951_outer_gray.webp,https://www.musinsa.com/products/4759732
952,[무료반품]클럽 후드 재킷 M - 블랙:화이트 / HJ2013-010,outer,129000,아우터  트레이닝 재킷 (나이키),Gray,2,0,2025-05-22 10:21,317,10,14,product_images/952_outer_black.webp,https://www.musinsa.com/products/4723275
953,[두산베어스] 오버핏 스티치 윈드브레이커(BLACK)_SPJJF25UF4,outer,69900,아우터  나일론/코치 재킷 (스파오),Cyan,2,0,2025-05-22 10:22,212,26,26,product_images/953_outer_black.webp,https://www.musinsa.com/products/5092861
954,[Denim Setup] Type I Trucker & Curved Pants (Marble Grey),outer,187140,아우터  트러커 재킷 (디써티원),Light Gray,2,0,2025-05-22 10:23,284,12,82,product_images/954_outer_grey.webp,https://www.musinsa.com/products/4931920
955,[무료반품]클럽 마리나 아노락 재킷 M - 미디엄 애쉬:아이언 그레이:토프 그레이 / IB7558-254,outer,115000,아우터  아노락 재킷 (나이키),Gray,2,0,2025-05-22 10:38,0,2,35,product_images/955_outer_grey.webp,https://www.musinsa.com/products/4915454
956,NBNAF21453 / UNI 플라잉 경량 반팔 아노락 (WHITE),outer,99900,스포츠/레저  아우터  아노락 재킷 (뉴발란스),Light Gray,3,0,2025-05-22 10:40,290,12,90,product_images/956_outer_white.webp,https://www.musinsa.com/products/4917469
957,[COOL] 스트레치 반팔 아노락_SPJJF25C11,outer,39900,아우터  아노락 재킷 (스파오),Beige,3,0,2025-05-22 10:41,27,21,79,product_images/957_outer_beige.webp,https://www.musinsa.com/products/4787963
958,NBNAF31603 / UNI FROZEN 쿨터치 반팔 아노락 (CHARCOAL),outer,99900,스포츠/레저  아우터  아노락 재킷 (뉴발란스),Gray,3,0,2025-05-22 10:42,340,5,22,product_images/958_outer_grey.webp,https://www.musinsa.com/products/4978813
959,나일론 반팔 아노락 블랙,outer,71100,아우터  아노락 재킷 (리),Gray,3,1,2025-05-22 10:43,300,10,14,product_images/959_outer_black.webp,https://www.musinsa.com/products/4860286
960,하프 슬리브 아노락 점퍼 블랙,outer,95200,아우터  아노락 재킷 (와키윌리),Gray,3,0,2025-05-22 10:44,353,12,13,product_images/960_outer_black.webp,https://www.musinsa.com/products/4841283
961,브리즈 반팔 셔츠 BLACK,outer,149000,스포츠/레저  아우터  아노락 재킷 (코닥),Gray,3,0,2025-05-22 10:45,240,2,10,product_images/961_outer_black.webp,https://www.musinsa.com/products/4945389
962,[나나 착용]선데이 자켓 - 블랙(QQ123LJK35),outer,149000,아우터  아노락 재킷 (르꼬끄),Black,3,0,2025-05-22 10:46,0,16,6,product_images/962_outer_black.webp,https://www.musinsa.com/products/4707105
963,액티브 올라운드 에어홀 스탠넥 아노락 화이트(UQ121SWT22),outer,151050,아우터  아노락 재킷 (엄브로),Unknown,2,0,2025-05-22 10:47,0,0,0,product_images/963_outer_white.webp,https://www.musinsa.com/products/4785266
964,그랜드슬램 에어리 하프 반팔 아노락 OFF WHITE,outer,139000,스포츠/레저  아우터  아노락 재킷 (디아도라),Light Gray,3,0,2025-05-22 10:48,257,13,89,product_images/964_outer_white.webp,https://www.musinsa.com/products/4936838
965,더블컷 반팔 스탠넥 아노락 블랙(UQ221SWT54),outer,109000,아우터  아노락 재킷 (엄브로),Gray,3,0,2025-05-22 10:49,0,11,14,product_images/965_outer_black.webp,https://www.musinsa.com/products/5016159
966,에센셜 반팔 아노락 - 베이지,outer,79000,스포츠/레저  아우터  아노락 재킷 (리복),Beige,3,0,2025-05-22 10:50,35,20,68,product_images/966_outer_beige.webp,https://www.musinsa.com/products/4898102
967,HBL 스포티 캐주얼 후드 아노락 블랙(UQ123CWT21),outer,169000,아우터  아노락 재킷 (엄브로),Black,2,0,2025-05-22 10:52,334,17,8,product_images/967_outer_black.webp,https://www.musinsa.com/products/4742668
968,[DAY6]HBL BLOKE 반팔 스탠넥 아노락 블랙(UQ223CWT52),outer,98100,아우터  아노락 재킷 (엄브로),Gray,3,0,2025-05-22 10:53,345,9,18,product_images/968_outer_black.webp,https://www.musinsa.com/products/5041985
969,패러세일 후드 집업 자켓 크림,outer,211700,아우터  나일론/코치 재킷 (세터),Beige,2,0,2025-05-22 10:54,43,32,79,product_images/969_outer_black.webp,https://www.musinsa.com/products/4854336
970,[TRAIL] 남성 리플렉티브 경량 방풍자켓 TLJJX25705GMI,outer,250000,스포츠/레저  아우터  스타디움 재킷 (코오롱스포츠),Cyan,2,0,2025-05-22 10:55,207,19,60,product_images/970_outer_black.webp,https://www.musinsa.com/products/5084957
971,[무료반품]시어스 브이넥 반팔 가디건 남녀공용,outer,49900,아우터  카디건 (무센트),Gray,3,0,2025-05-22 10:56,0,9,11,product_images/971_outer_black.webp,https://www.musinsa.com/products/5115300
972,코튼 텐셀 칼라드 반소매 가디건 [아이보리],outer,43090,아우터  카디건 (무신사 스탠다드),Beige,3,0,2025-05-22 10:57,22,19,89,product_images/972_outer_black.webp,https://www.musinsa.com/products/4644589
973,썸머 스트라이프 라운드 반팔 가디건 [블랙],outer,31500,아우터  카디건 (노드유),Black,3,0,2025-05-22 10:59,315,8,9,product_images/973_outer_black.webp,https://www.musinsa.com/products/5054250
974,코튼 텐셀 라운드 넥 반소매 가디건 [라이트 웜 그레이],outer,45790,아우터  카디건 (무신사 스탠다드),Light Gray,3,0,2025-05-22 11:00,23,12,65,product_images/974_outer_black.webp,https://www.musinsa.com/products/4644586
975,코튼 텐셀 라운드 넥 반소매 가디건 [건메탈],outer,45790,아우터  카디건 (무신사 스탠다드),Gray,3,0,2025-05-22 11:00,7,7,24,product_images/975_outer_black.webp,https://www.musinsa.com/products/4644587
976,[무료반품]트윈 집업 후드 아우터 라이트 그레이,outer,48900,아우터  블루종/MA-1 (에잇세컨즈),Light Gray,2,0,2025-05-22 11:01,312,4,76,product_images/976_outer_black.webp,https://www.musinsa.com/products/4952053
977,Honda Racing Blouson_Red,outer,169000,아우터  블루종/MA-1 (혼다 모터사이클),Red,2,0,2025-05-22 11:04,357,70,37,product_images/977_outer_black.webp,https://www.musinsa.com/products/4738410
978,시티 레저 라이트웨이트 블루종 재킷 [브라운],outer,59900,아우터  블루종/MA-1 (무신사 스탠다드),Gray,2,0,2025-05-22 11:05,14,13,19,product_images/978_outer_black.webp,https://www.musinsa.com/products/4652847
979,하프 슬리브 아노락 점퍼 카키,outer,95200,아우터  아노락 재킷 (와키윌리),Beige,3,0,2025-05-22 11:21,35,20,82,product_images/979_outer_black.webp,https://www.musinsa.com/products/4841280
980,[DAY6]시어서커 반팔 스탠넥 아노락 카키(UQ221CWT63),outer,89910,아우터  아노락 재킷 (엄브로),Light Gray,3,0,2025-05-22 11:22,210,1,62,product_images/980_outer_black.webp,https://www.musinsa.com/products/5080401
981,하프 슬리브 아노락 점퍼 카키,outer,95200,아우터  아노락 재킷 (와키윌리),Beige,3,0,2025-05-22 11:23,33,21,82,product_images/981_outer_black.webp,https://www.musinsa.com/products/4841280
982,아이스클래쉬 반팔 후드 아노락 (OFF WHITE 2),outer,159000,스포츠/레저  아우터  아노락 재킷 (디오디),Light Gray,3,0,2025-05-22 11:24,300,11,91,product_images/982_outer_black.webp,https://www.musinsa.com/products/4945712
983,우븐 테크 차이나카라 아노락 점퍼(블랙),outer,115200,아우터  아노락 재킷 (빈트릴),Gray,3,0,2025-05-22 11:25,300,6,17,product_images/983_outer_black.webp,https://www.musinsa.com/products/5038127
984,폴리써커 아노락 점퍼(차콜),outer,133200,아우터  아노락 재킷 (빈트릴),Gray,3,0,2025-05-22 11:26,300,3,30,product_images/984_outer_black.webp,https://www.musinsa.com/products/5038125
985,스프레이 로고 우븐 아노락 점퍼(블랙),outer,133200,아우터  아노락 재킷 (빈트릴),Gray,3,0,2025-05-22 11:27,285,5,16,product_images/985_outer_black.webp,https://www.musinsa.com/products/5038114
986,프레시벤트 폴튼 트레이닝 반팔 아노락 (BEIGE),outer,129000,스포츠/레저  아우터  아노락 재킷 (디스커버리 익스페디션),Yellow,3,0,2025-05-22 11:27,47,17,56,product_images/986_outer_black.webp,https://www.musinsa.com/products/4847519
987,더블컷 반팔 스탠넥 아노락 레드(UQ221SWT54),outer,109000,아우터  아노락 재킷 (엄브로),Red,3,0,2025-05-22 11:28,347,93,43,product_images/987_outer_black.webp,https://www.musinsa.com/products/5016155
988,[변우석 착용]프레시벤트 폴튼 트레이닝 반팔 아노락 (D.Khaki),outer,129000,스포츠/레저  아우터  아노락 재킷 (디스커버리 익스페디션),Gray,3,0,2025-05-22 11:32,30,8,49,product_images/988_outer_black.webp,https://www.musinsa.com/products/4843186
989,스프레이 로고 우븐 아노락 점퍼(인디고),outer,133200,아우터  아노락 재킷 (빈트릴),Blue,3,0,2025-05-22 11:33,237,15,25,product_images/989_outer_black.webp,https://www.musinsa.com/products/5038118
990,일립스 반팔 아노락 - 블랙,outer,109000,스포츠/레저  아우터  아노락 재킷 (리복),Gray,3,0,2025-05-22 11:34,285,6,13,product_images/990_outer_black.webp,https://www.musinsa.com/products/4923452
991,그랜드슬램 에어리 하프 반팔 아노락 BLUE,outer,139000,스포츠/레저  아우터  아노락 재킷 (디아도라),Blue,3,0,2025-05-22 11:35,251,20,89,product_images/991_outer_black.webp,https://www.musinsa.com/products/4936837
992,반팔 클랙식 반집업 아노락 남녀공용 하프집업 (카키그레이),outer,30660,스포츠/레저  아우터  아노락 재킷 (옥트퍼스),Gray,3,0,2025-05-22 11:35,40,6,19,product_images/992_outer_black.webp,https://www.musinsa.com/products/4978437
993,폴리써커 아노락 점퍼(블랙),outer,133200,아우터  아노락 재킷 (빈트릴),Gray,3,0,2025-05-22 11:36,300,3,14,product_images/993_outer_black.webp,https://www.musinsa.com/products/5038121
994,더블컷 반팔 스탠넥 아노락 화이트(UQ221SWT54),outer,109000,아우터  아노락 재킷 (엄브로),Blue,3,0,2025-05-22 11:37,224,48,94,product_images/994_outer_black.webp,https://www.musinsa.com/products/5016158
995,스프레이 로고 우븐 아노락 점퍼(라이트 베이지),outer,133200,아우터  아노락 재킷 (빈트릴),Light Gray,3,0,2025-05-22 11:38,24,14,73,product_images/995_outer_black.webp,https://www.musinsa.com/products/5038117
996,Nylon Sport Vest Brick,outer,95200,아우터  베스트 (디스이즈네버댓),Red,3,0,2025-05-22 11:44,11,55,36,product_images/996_outer_black.webp,https://www.musinsa.com/products/4906208
997,PCU Level 7 Light Vest Sage,outer,108800,아우터  베스트 (에스피오나지),Light Gray,3,0,2025-05-22 11:45,102,5,64,product_images/997_outer_black.webp,https://www.musinsa.com/products/4822952
998,Signature Vest Yellow,outer,129000,아우터  베스트 (테켓),Yellow,3,0,2025-05-22 11:45,49,71,39,product_images/998_outer_black.webp,https://www.musinsa.com/products/4650847
999,스키 마스크 집업 베스트 블랙,outer,136800,아우터  베스트 (로어링라드),Black,3,0,2025-05-22 11:46,283,15,9,product_images/999_outer_black.webp,https://www.musinsa.com/products/4805728
1003,SL01 섬머 데님 와이드 팬츠 (FADE LIGHT BLUE),pants,36750,린넨소재의 단점을 보완한 시원한 바지,Gray,3,0,2025-05-22 10:31,208,8,54,product_images/1003_pants.webp,https://www.musinsa.com/products/4149670
1004,린넨 밴딩 와이드 팬츠 화이트,pants,31200,스트레이트 와이드핏 실루엣 바지,Light Gray,3,0,2025-05-22 10:35,250,5,78,product_images/1004_pants.webp,https://www.musinsa.com/products/3298849
1005,와이드 이지 밴딩 크롭 슬랙스 [더스티 베이지],pants,27890,와이드 이지 밴딩 크롭 슬랙스,Gray,3,0,2025-05-22 10:36,26,10,41,product_images/1005_pants.webp,https://www.musinsa.com/products/1273676
1006,에센셜 세미 와이드 슬랙스 (BLACK),pants,32800,발등을 덮는 기장감의 편안한 와이드팬츠,Gray,3,0,2025-05-22 10:37,0,3,12,product_images/1006_pants.webp,https://www.musinsa.com/products/3650955
1007,2025 화이트 커브드 절개라인 와이드 코튼 팬츠,pants,33550,화이트 커브드 절개라인 와이드 코튼 팬츠,Light Gray,3,0,2025-05-22 10:38,35,13,60,product_images/1007_pants.webp,https://www.musinsa.com/products/4716046
1008,PCU NYLON RIPSTOP PANTS_BEIGE,pants,75200,미군복 기반 나일론 립스탑 팬츠,Light Gray,3,0,2025-05-22 10:39,50,12,62,product_images/1008_pants.webp,https://www.musinsa.com/products/4736227
1009,클래식 투턱 와이드 슬랙스 그레이,pants,29500,클래식 느낌의 투턱 디테일의 와이드 팬츠,Gray,3,0,2025-05-22 10:40,330,1,28,product_images/1009_pants.webp,https://www.musinsa.com/products/3599554
1010,핀턱 코튼 와이드 팬츠(7컬러),pants,33000,와이드한 실루엣과 롱한 기장감의 편안한 바지,Red,3,0,2025-05-22 10:41,10,23,63,product_images/1010_pants.webp,https://www.musinsa.com/products/3949260
1011,레이어 워시드 데님 버뮤다 팬츠 [딥 블루],pants,59000,일상성과 실용성 바탕의 팬츠,Gray,3,0,2025-05-22 10:42,216,3,29,product_images/1011_pants.webp,https://www.musinsa.com/products/3919955
1012,SKATER BELTED DENIM PANTS_WASHED DENIM,pants,78400,90년대 스케이터 스타일의 데님 팬츠,Cyan,3,0,2025-05-22 10:43,212,26,42,product_images/1012_pants.webp,https://www.musinsa.com/products/4261760
1013,[스토퍼버전 추가] 립스탑 카모포켓 카고팬츠(카모카키),pants,58800,추억의 군복바지 카고팬츠,Orange,3,0,2025-05-22 10:44,35,15,15,product_images/1013_pants.webp,https://www.musinsa.com/products/3222295
1014,헤링본 페이디드 팬츠 - 프렌치블루,pants,75700,편안한 밴딩 청팬츠,Blue,3,0,2025-05-22 10:45,247,26,21,product_images/1014_pants.webp,https://www.musinsa.com/products/4876559
1015,M51 WIDE CARGO SHORTS_OLIVE,pants,71200,캐주얼하고 시원한 느낌의 카모색 팬츠,Yellow,3,0,2025-05-22 10:46,63,16,23,product_images/1015_pants.webp,https://www.musinsa.com/products/4988249
1016,더블니 카펜터 데님 팬츠 크림,pants,45900,유연하고 부드러운 착용감의 빈티지 데님팬츠,Light Gray,3,0,2025-05-22 10:47,29,13,69,product_images/1016_pants.webp,https://www.musinsa.com/products/4334135
1017,P[1005]롱 와이드 데님팬츠 (라이트블루),pants,29800,P[1005]롱 와이드 데님팬츠 (라이트블루),Cyan,3,0,2025-05-22 10:47,213,21,61,product_images/1017_pants.webp,https://www.musinsa.com/products/1326769
1018,Nap Pintuck Wide Pants - 2COL,pants,49990,Nap Pintuck Wide Pants - 2COL,Gray,3,0,2025-05-22 10:48,0,3,51,product_images/1018_pants.webp,https://www.musinsa.com/products/4378909
1019,썸머 코튼 D링 버뮤다 팬츠[브라운],pants,39990,썸머 코튼 D링 버뮤다 팬츠[브라운],Orange,3,0,2025-05-22 10:49,19,21,21,product_images/1019_pants.webp,https://www.musinsa.com/products/4993480
1020,져지 트랙 버뮤다 쇼츠 버건디,pants,29000,져지 트랙 버뮤다 쇼츠 버건디,Red,3,0,2025-05-22 10:49,353,38,23,product_images/1020_pants.webp,https://www.musinsa.com/products/4756932
1021,Deep Pleats Wide Jeans DCPT030CPBrown,pants,49600,Deep Pleats Wide Jeans DCPT030CPBrown,Gray,3,0,2025-05-22 10:50,23,12,21,product_images/1021_pants.webp,https://www.musinsa.com/products/3911117
1022,원턱 워시드 와이드 코튼 쇼츠 5 COLOR,pants,34300,원턱 워시드 와이드 코튼 쇼츠 5 COLOR,Orange,3,0,2025-05-22 10:51,33,31,48,product_images/1022_pants.webp,https://www.musinsa.com/products/4060154
1023,바이오워싱 카펜터 버뮤다 데님 팬츠_라이트블루,pants,29300,바이오워싱 카펜터 버뮤다 데님 팬츠_라이트블루,Gray,3,0,2025-05-22 10:57,204,9,45,product_images/1023_pants.webp,https://www.musinsa.com/products/3228764
1024,S Dyed Cargo Denim Pants - 2COL,pants,72250,S Dyed Cargo Denim Pants - 2COL,Gray,3,0,2025-05-22 10:58,240,1,20,product_images/1024_pants.webp,https://www.musinsa.com/products/4948388
1025,프리미엄 빈티지 투 턱 구르카 치노팬츠_베이지,pants,23500,프리미엄 빈티지 투 턱 구르카 치노팬츠_베이지,Orange,3,0,2025-05-22 10:58,37,37,65,product_images/1025_pants.webp,https://www.musinsa.com/products/4306602
1026,린넨 데님 워시드 밴딩 팬츠 - 3 COLOR,pants,39900,린넨 데님 워시드 밴딩 팬츠 - 3 COLOR,Cyan,3,0,2025-05-22 10:59,205,21,73,product_images/1026_pants.webp,https://www.musinsa.com/products/3904095
1027,린넨 데님 워시드 밴딩 팬츠 - 3 COLOR,pants,39900,린넨 데님 워시드 밴딩 팬츠 - 3 COLOR,Cyan,3,0,2025-05-22 10:59,216,31,33,product_images/1027_pants.webp,https://www.musinsa.com/products/3904095
1028,나일론 투 턱 테이핑 팬츠-와인,pants,29900,나일론 투 턱 테이핑 팬츠-와인,Red,3,0,2025-05-22 11:00,4,35,31,product_images/1028_pants.webp,https://www.musinsa.com/products/3792017
1029,[2PACK]세미 와이드핏 트윌 코튼 치노 팬츠 7 color_SEPT051,pants,65800,[2PACK]세미 와이드핏 트윌 코튼 치노 팬츠 7 color_SEPT051,Red,3,0,2025-05-22 11:01,5,30,71,product_images/1029_pants.webp,https://www.musinsa.com/products/4297101
1030,[2PACK]세미 와이드핏 트윌 코튼 치노 팬츠 7 color_SEPT051,pants,65800,[2PACK]세미 와이드핏 트윌 코튼 치노 팬츠 7 color_SEPT051,Orange,3,0,2025-05-22 11:01,31,30,60,product_images/1030_pants.webp,https://www.musinsa.com/products/4297101
1031,[2PACK]세미 와이드핏 트윌 코튼 치노 팬츠 7 color_SEPT051,pants,65800,[2PACK]세미 와이드핏 트윌 코튼 치노 팬츠 7 color_SEPT051,Gray,3,0,2025-05-22 11:02,73,12,23,product_images/1031_pants.webp,https://www.musinsa.com/products/4297101
1032,[2PACK]세미 와이드핏 트윌 코튼 치노 팬츠 7 color_SEPT051,pants,65800,[2PACK]세미 와이드핏 트윌 코튼 치노 팬츠 7 color_SEPT051,Light Gray,3,0,2025-05-22 11:02,33,9,76,product_images/1032_pants.webp,https://www.musinsa.com/products/4297101
1033,XP260 샤인 파이핑 와이드 트랙 팬츠 (NAVY),pants,61600,XP260 샤인 파이핑 와이드 트랙 팬츠 (NAVY),Cyan,3,0,2025-05-22 11:03,214,22,15,product_images/1033_pants.webp,https://www.musinsa.com/products/4639083
1034,홀스 자수 버뮤다 팬츠 블랙,pants,26990,홀스 자수 버뮤다 팬츠 블랙,Gray,3,0,2025-05-22 11:03,146,14,10,product_images/1034_pants.webp,https://www.musinsa.com/products/4928616
1036,멀티 블럭 쇼츠-3Color,pants,24500,멀티 블럭 쇼츠-3Color,Beige,3,0,2025-05-22 11:04,45,27,88,product_images/1036_pants.webp,https://www.musinsa.com/products/3948440
1037,멀티 블럭 쇼츠-3Color,pants,24500,멀티 블럭 쇼츠-3Color,Orange,3,0,2025-05-22 11:05,26,23,24,product_images/1037_pants.webp,https://www.musinsa.com/products/3948440
1038,[2PACK] 나일론 와이드 이지 쇼츠 반바지 5COLOR,pants,39900,[2PACK] 나일론 와이드 이지 쇼츠 반바지 5COLOR,Orange,3,0,2025-05-22 11:08,32,66,47,product_images/1038_pants.webp,https://www.musinsa.com/products/4009675
1039,[2PACK] 나일론 와이드 이지 쇼츠 반바지 5COLOR,pants,39900,[2PACK] 나일론 와이드 이지 쇼츠 반바지 5COLOR,Red,3,0,2025-05-22 11:09,3,66,47,product_images/1039_pants.webp,https://www.musinsa.com/products/4009675
1040,[2PACK] 나일론 와이드 이지 쇼츠 반바지 5COLOR,pants,39900,[2PACK] 나일론 와이드 이지 쇼츠 반바지 5COLOR,Turquoise,3,0,2025-05-22 11:09,178,49,21,product_images/1040_pants.webp,https://www.musinsa.com/products/4009675
1041,[2PACK] 나일론 와이드 이지 쇼츠 반바지 5COLOR,pants,39900,[2PACK] 나일론 와이드 이지 쇼츠 반바지 5COLOR,Blue,3,0,2025-05-22 11:10,222,26,23,product_images/1041_pants.webp,https://www.musinsa.com/products/4009675
1042,빈티지 프론트 워싱 와이드 벌룬 데님 팬츠 3Color,pants,36800,빈티지 프론트 워싱 와이드 벌룬 데님 팬츠 3Color,Gray,3,0,2025-05-22 11:10,0,2,20,product_images/1042_pants.webp,https://www.musinsa.com/products/4757347
1043,빈티지 프론트 워싱 와이드 벌룬 데님 팬츠 3Color,pants,36800,빈티지 프론트 워싱 와이드 벌룬 데님 팬츠 3Color,Gray,3,0,2025-05-22 11:11,207,7,33,product_images/1043_pants.webp,https://www.musinsa.com/products/4757347
1044,빈티지 프론트 워싱 와이드 벌룬 데님 팬츠 3Color,pants,36800,빈티지 프론트 워싱 와이드 벌룬 데님 팬츠 3Color,Gray,3,0,2025-05-22 11:11,180,3,35,product_images/1044_pants.webp,https://www.musinsa.com/products/4757347
1045,코튼 구르카 팬츠 [베이지],pants,42390,코튼 구르카 팬츠 [베이지],Orange,3,0,2025-05-22 11:12,31,19,57,product_images/1045_pants.webp,https://www.musinsa.com/products/2273533
1046,도밍고 데님팬츠 (그레이),pants,39200,도밍고 데님팬츠 (그레이),Gray,3,0,2025-05-22 11:12,105,7,12,product_images/1046_pants.webp,https://www.musinsa.com/products/3600309
1047,커브드 코튼 치노 팬츠 [블랙],pants,52900,커브드 코튼 치노 팬츠 [블랙],Black,3,0,2025-05-22 11:13,12,19,5,product_images/1047_pants.webp,https://www.musinsa.com/products/4747235
1048,커브드 코튼 치노 팬츠 [차콜],pants,52900,커브드 코튼 치노 팬츠 [차콜],Gray,3,0,2025-05-22 11:13,240,1,31,product_images/1048_pants.webp,https://www.musinsa.com/products/4747236
1049,커브드 코튼 치노 팬츠 [브라운],pants,52900,커브드 코튼 치노 팬츠 [브라운],Orange,3,0,2025-05-22 11:14,31,28,26,product_images/1049_pants.webp,https://www.musinsa.com/products/4747237
1050,커브드 코튼 치노 팬츠 [베이지],pants,52900,커브드 코튼 치노 팬츠 [베이지],Orange,3,0,2025-05-22 11:14,36,22,62,product_images/1050_pants.webp,https://www.musinsa.com/products/4747238
1051,DEN0801 Mid-indigo Selvedge Extra Wide,pants,99900,DEN0801 Mid-indigo Selvedge Extra Wide,Cyan,3,0,2025-05-22 11:15,216,17,12,product_images/1051_pants.webp,https://www.musinsa.com/products/3960893
1052,스트라이프 아트워크 버뮤다 팬츠 (라이트 블루),pants,71100,스트라이프 아트워크 버뮤다 팬츠 (라이트 블루),Light Gray,3,0,2025-05-22 11:15,196,6,62,product_images/1052_pants.webp,https://www.musinsa.com/products/5006473
1054,세미 와이드 치노 팬츠(5col),pants,37240,세미 와이드 치노 팬츠(5col),Gray,3,0,2025-05-22 11:21,37,14,51,product_images/1054_pants.webp,https://www.musinsa.com/products/3475928
1055,WIDE CURVED DENIM PANTS (WASHED DARK BLUE),pants,109000,WIDE CURVED DENIM PANTS (WASHED DARK BLUE),Cyan,3,0,2025-05-22 11:22,213,26,20,product_images/1055_pants.webp,https://www.musinsa.com/products/4441674
1056,원 턱 와이드 밴딩 슬랙스 [반다이크 브라운],pants,27190,원 턱 와이드 밴딩 슬랙스 [반다이크 브라운],Orange,3,0,2025-05-22 11:22,23,15,17,product_images/1056_pants.webp,https://www.musinsa.com/products/3504242
1057,테이퍼드핏 데님 팬츠 DP T908,pants,53100,테이퍼드핏 데님 팬츠 DP T908,Gray,3,0,2025-05-22 11:23,192,6,30,product_images/1057_pants.webp,https://www.musinsa.com/products/969208
1058,리플렉트 커브드 로우 팬츠 [인디고 블루],pants,79200,리플렉트 커브드 로우 팬츠 [인디고 블루],Gray,3,0,2025-05-22 11:23,244,11,26,product_images/1058_pants.webp,https://www.musinsa.com/products/4774195
1059,Boxer Oversized Sweat Shorts(CLOUD GRAY),pants,69900,Boxer Oversized Sweat Shorts(CLOUD GRAY),Light Gray,3,0,2025-05-22 11:24,270,10,92,product_images/1059_pants.webp,https://www.musinsa.com/products/3981008
1060,벌룬핏 커브드 멀티 다트 데님[블루],pants,49900,벌룬핏 커브드 멀티 다트 데님[블루],Cyan,3,0,2025-05-22 11:24,212,33,20,product_images/1060_pants.webp,https://www.musinsa.com/products/4795045
1061,레전드 2WAY 웜업 팬츠 - 블루,pants,109000,레전드 2WAY 웜업 팬츠 - 블루,Cyan,3,0,2025-05-22 11:25,214,22,54,product_images/1061_pants.webp,https://www.musinsa.com/products/4718465
1062,자이언트핏 카고 데님팬츠(인디고블루),pants,40500,자이언트핏 카고 데님팬츠(인디고블루),Blue,3,0,2025-05-22 11:25,225,21,33,product_images/1062_pants.webp,https://www.musinsa.com/products/1939346
1063,카고 버뮤다 밴딩 팬츠 블랙,pants,23200,카고 버뮤다 밴딩 팬츠 블랙,Black,3,0,2025-05-22 11:27,176,33,9,product_images/1063_pants.webp,https://www.musinsa.com/products/4153879
1064,G 쇼츠 US Chino,pants,75600,G 쇼츠 US Chino,Beige,3,0,2025-05-22 11:27,32,28,70,product_images/1064_pants.webp,https://www.musinsa.com/products/3970761
1065,TCM starfish chino pants (brown),pants,98100,TCM starfish chino pants (brown),Gray,3,0,2025-05-22 11:28,0,12,18,product_images/1065_pants.webp,https://www.musinsa.com/products/4293047
1066,린넨라이크 밴딩 세미와이드 데님 팬츠_라이트블루,pants,32800,린넨라이크 밴딩 세미와이드 데님 팬츠_라이트블루,Cyan,3,0,2025-05-22 11:28,214,18,44,product_images/1066_pants.webp,https://www.musinsa.com/products/3986153
1067,와이드 스웨트팬츠 그레이,pants,37100,와이드 스웨트팬츠 그레이,Light Gray,3,0,2025-05-22 11:29,30,1,72,product_images/1067_pants.webp,https://www.musinsa.com/products/1553371
1068,[유투버 PICK]스머지 벌룬 데님 팬츠 [옐로우블루],pants,69600,[유투버 PICK]스머지 벌룬 데님 팬츠 [옐로우블루],Gray,3,0,2025-05-22 11:30,120,4,38,product_images/1068_pants.webp,https://www.musinsa.com/products/4752661
1069,와이드 테이퍼드 치노 팬츠 (라이트 카키),pants,96200,와이드 테이퍼드 치노 팬츠 (라이트 카키),Orange,3,0,2025-05-22 11:30,30,27,55,product_images/1069_pants.webp,https://www.musinsa.com/products/2330460
1070,카모 워싱 와이드 카고 스트링 팬츠 카키,pants,38900,카모 워싱 와이드 카고 스트링 팬츠 카키,Gray,3,0,2025-05-22 11:31,154,10,14,product_images/1070_pants.webp,https://www.musinsa.com/products/4730721
1071,SAINT TWO TUCK WIDE PANTS BROWN,pants,66750,SAINT TWO TUCK WIDE PANTS BROWN,Red,3,0,2025-05-22 11:32,13,17,20,product_images/1071_pants.webp,https://www.musinsa.com/products/1803235
1072,투턱 와이드 슬랙스 8 COLOR COOSPT204,pants,39200,투턱 와이드 슬랙스 8 COLOR COOSPT204,Gray,3,0,2025-05-22 11:32,264,5,18,product_images/1072_pants.webp,https://www.musinsa.com/products/3054149
1073,[무료반품][10% 적립금]휘트먼 릴렉스핏 플리츠 치노 팬츠 - 베이지,pants,279000,[무료반품][10% 적립금]휘트먼 릴렉스핏 플리츠 치노 팬츠 - 베이지,Orange,3,0,2025-05-22 11:33,32,24,58,product_images/1073_pants.webp,https://www.musinsa.com/products/3493828
1074,세미 와이드 원턱 슬랙스-블랙,pants,42900,세미 와이드 원턱 슬랙스-블랙,Gray,3,0,2025-05-22 11:33,300,3,13,product_images/1074_pants.webp,https://www.musinsa.com/products/4750067
1075,[9647] 유니섹스 코튼 절개 버뮤다 팬츠 (화이트),pants,39000,[9647] 유니섹스 코튼 절개 버뮤다 팬츠 (화이트),Light Gray,3,0,2025-05-22 11:34,0,2,81,product_images/1075_pants.webp,https://www.musinsa.com/products/4120594
1076,Reverse Pleat Wide Pants (Melange),pants,54400,Reverse Pleat Wide Pants (Melange),Light Gray,3,0,2025-05-22 11:34,70,4,70,product_images/1076_pants.webp,https://www.musinsa.com/products/2756122
1077,Linen Like Mid Rise Wide Jeans DCPT039MidBlueB,pants,43400,Linen Like Mid Rise Wide Jeans DCPT039MidBlueB,Gray,3,0,2025-05-22 11:35,208,14,40,product_images/1077_pants.webp,https://www.musinsa.com/products/4948089
1078,투턱 와이드 슬랙스 브라운,pants,39800,투턱 와이드 슬랙스 브라운,Orange,3,0,2025-05-22 11:35,21,20,28,product_images/1078_pants.webp,https://www.musinsa.com/products/2879795
1079,SL01 섬머 데님 와이드 팬츠 (OFF WHITE),pants,39200,SL01 섬머 데님 와이드 팬츠 (OFF WHITE),Light Gray,3,0,2025-05-22 11:36,30,6,87,product_images/1079_pants.webp,https://www.musinsa.com/products/3201933
1080,이지케어 테이퍼드 슬랙스 (BOKASHI BEIGE),pants,30800,이지케어 테이퍼드 슬랙스 (BOKASHI BEIGE),Light Gray,3,0,2025-05-22 11:37,7,14,66,product_images/1080_pants.webp,https://www.musinsa.com/products/2049716
,,,,,,,,,,,,,
